Order ID;Order Date;Customer Name;City;Country;Region;Segment;Ship Date;Ship Mode;State;lon;lat
BN-2011-7407039;01/01/2014;Ruby Patel;Stockholm;Sweden;North;Home Office;05/01/2014;Economy Plus;Stockholm;18,0685808;59,3293235
AZ-2011-9050313;03/01/2014;Summer Hayward;Southport;United Kingdom;North;Consumer;07/01/2014;Economy;England;-3,010113;53,645708
AZ-2011-6674300;04/01/2014;Devin Huddleston;Valence;France;Central;Consumer;08/01/2014;Economy;Auvergne-Rhône-Alpes;4,89236;44,933393
BN-2011-2819714;04/01/2014;Mary Parker;Birmingham;United Kingdom;North;Corporate;09/01/2014;Economy;England;-1,890401;52,486243
AZ-2011-617423;05/01/2014;Daniel Burke;Echirolles;France;Central;Home Office;07/01/2014;Priority;Auvergne-Rhône-Alpes;5,718034;45,142151
AZ-2011-2918397;07/01/2014;Fredrick Beveridge;La Seyne-sur-Mer;France;Central;Corporate;08/01/2014;Priority;Provence-Alpes-Côte d'Azur;5,878219;43,102976
BN-2011-3248724;08/01/2014;Archer Hort;Toulouse;France;Central;Consumer;14/01/2014;Economy;Languedoc-Roussillon-Midi-Pyrénées;1,444209;43,604652
AZ-2011-6712797;11/01/2014;Evie Flockhart;Genoa;Italy;South;Consumer;16/01/2014;Economy;Liguria;8,946256;44,4056499
AZ-2011-4827146;11/01/2014;Faith Greenwood;Vienna;Austria;Central;Consumer;15/01/2014;Economy;Vienna;16,3738189;48,2081743
AZ-2011-6439906;11/01/2014;Summer Hayward;Murcia;Spain;South;Consumer;15/01/2014;Economy;Murcia;-1,1306544;37,9922399
AZ-2011-7053593;11/01/2014;Gracie Powell;Woking;United Kingdom;North;Consumer;11/01/2014;Immediate;England;-0,5600349;51,316774
AZ-2011-5702370;12/01/2014;Hershel Snyder;Lohne;Germany;Central;Corporate;19/01/2014;Economy;Lower Saxony;8,7220862;52,1941419
AZ-2011-9927716;12/01/2014;Julia Martell;Leicester;United Kingdom;North;Home Office;17/01/2014;Economy;England;-1,1397592;52,6368778
AZ-2011-2222024;12/01/2014;Viola Watson;Sheffield;United Kingdom;North;Consumer;15/01/2014;Priority;England;-1,470085;53,381129
BN-2011-4913858;13/01/2014;Julian Dobie;Dordrecht;Netherlands;Central;Consumer;19/01/2014;Economy;South Holland;4,6900929;51,8132979
BN-2011-2807470;13/01/2014;Rose Heap;Gothenburg;Sweden;North;Consumer;20/01/2014;Economy;Västra Götaland;11,97456;57,70887
AZ-2011-5960662;14/01/2014;Ella Troy;Vienna;Austria;Central;Home Office;19/01/2014;Economy;Vienna;16,3738189;48,2081743
AZ-2011-7675351;15/01/2014;Everett Dunbar;Langen;Germany;Central;Corporate;20/01/2014;Economy Plus;Lower Saxony;8,6634007;49,9914663
BN-2011-3770060;17/01/2014;Georgia Bermingham;Copenhagen;Denmark;North;Home Office;23/01/2014;Economy;Hovedstaden;12,5683371;55,6760968
AZ-2011-7419210;18/01/2014;Christopher Goold;Gandia;Spain;South;Corporate;21/01/2014;Priority;Valenciana;-0,1844671;38,968032
AZ-2011-1816950;18/01/2014;John Baca;Esbjerg;Denmark;North;Consumer;23/01/2014;Economy Plus;South Denmark;8,459405;55,476466
AZ-2011-3059419;19/01/2014;Kai Leonard;Sesto San Giovanni;Italy;South;Corporate;21/01/2014;Priority;Lombardy;9,2256875;45,5328245
AZ-2011-5342265;19/01/2014;Jennifer Mattingly;Trapani;Italy;South;Home Office;20/01/2014;Priority;Sicily;12,537202;38,0176177
AZ-2011-2002251;20/01/2014;Nathan Iqbal;Villiers-sur-Marne;France;Central;Consumer;25/01/2014;Economy;Ile-de-France;2,546798;48,825787
AZ-2011-5357101;21/01/2014;Noah Chamberlain;Bielefeld;Germany;Central;Consumer;26/01/2014;Economy;North Rhine-Westphalia;8,5324708;52,0302285
AZ-2011-2245674;22/01/2014;Dylan Disney;Leuven;Belgium;Central;Home Office;26/01/2014;Economy;Flemish Brabant;4,7005176;50,8798438
AZ-2011-8034411;22/01/2014;Melissa Bean;Prato;Italy;South;Home Office;26/01/2014;Economy;Tuscany;11,102228;43,8777049
AZ-2011-6684426;24/01/2014;Vaughn Gibbs;Gela;Italy;South;Home Office;26/01/2014;Economy Plus;Sicily;14,2403537;37,0741526
BN-2011-7883641;24/01/2014;William Horton;Bologna;Italy;South;Consumer;26/01/2014;Priority;Emilia-Romagna;11,3426163;44,494887
AZ-2011-4205736;25/01/2014;David Harney;Menden;Germany;Central;Corporate;01/02/2014;Economy;North Rhine-Westphalia;7,7953337;51,4377453
AZ-2011-5010109;25/01/2014;Walter Coley;Maisons-Alfort;France;Central;Consumer;30/01/2014;Economy;Ile-de-France;2,429443;48,801148
AZ-2011-201891;26/01/2014;Lori Miller;Madrid;Spain;South;Consumer;30/01/2014;Economy;Madrid;-3,7037902;40,4167754
AZ-2011-5708655;26/01/2014;Hayley Baldwinson;Oslo;Norway;North;Consumer;30/01/2014;Economy;Oslo;10,7522454;59,9138688
BN-2011-6722454;26/01/2014;Joseph Locke;Lisbon;Portugal;South;Corporate;30/01/2014;Economy;Lisboa;-9,1393366;38,7222524
BN-2011-486854;28/01/2014;Gracie Hicks;Draguignan;France;Central;Consumer;03/02/2014;Economy;Provence-Alpes-Côte d'Azur;6,464993;43,5377269
AZ-2011-2825684;01/02/2014;Hollie Norris;Halle;Germany;Central;Consumer;07/02/2014;Economy;North Rhine-Westphalia;11,9688029;51,4969802
AZ-2011-494581;01/02/2014;Kiara Allen;Parma;Italy;South;Consumer;05/02/2014;Economy;Emilia-Romagna;10,3279036;44,801485
AZ-2011-838467;02/02/2014;Ronald Everson;Dresden;Germany;Central;Corporate;05/02/2014;Priority;Saxony;13,7372621;51,0504088
AZ-2011-4987681;02/02/2014;Daryl Claypool;Seville;Spain;South;Corporate;06/02/2014;Economy Plus;Andalusía;-5,9844589;37,3890924
AZ-2011-4614904;02/02/2014;Caleb Kenyon;Torrevieja;Spain;South;Corporate;04/02/2014;Priority;Valenciana;-0,6808233;37,9847003
AZ-2011-7043718;02/02/2014;Winnie Moss;Barcelona;Spain;South;Consumer;07/02/2014;Economy Plus;Catalonia;2,1734035;41,3850639
AZ-2011-4696725;02/02/2014;Courtney Hancock;London;United Kingdom;North;Consumer;04/02/2014;Priority;England;-0,1277583;51,5073509
BN-2011-2468159;02/02/2014;Brandon Preston;Reims;France;Central;Consumer;06/02/2014;Economy;Alsace-Champagne-Ardenne-Lorraine;4,031696;49,258329
BN-2011-9336144;02/02/2014;Lara Stoate;Rosenheim;Germany;Central;Corporate;02/02/2014;Immediate;Bavaria;12,1181047;47,8571272
BN-2011-7087921;03/02/2014;Max Ludwig;Uppsala;Sweden;North;Home Office;05/02/2014;Economy Plus;Uppsala;17,6389267;59,8585638
AZ-2011-6835828;04/02/2014;Summer Hayward;Nice;France;Central;Consumer;08/02/2014;Economy;Provence-Alpes-Côte d'Azur;7,2619532;43,7101728
AZ-2011-2397035;07/02/2014;Millie Newman;Boulogne-sur-Mer;France;Central;Consumer;11/02/2014;Economy;Nord-Pas-de-Calais-Picardie;1,613334;50,725231
AZ-2011-9421435;07/02/2014;Larry Klaus;La Crau;France;Central;Corporate;12/02/2014;Economy;Provence-Alpes-Côte d'Azur;6,073127;43,147764
AZ-2011-2956456;08/02/2014;Shelby Dunston;Siena;Italy;South;Consumer;13/02/2014;Economy;Tuscany;11,3307574;43,318809
AZ-2011-9107304;09/02/2014;Erin Gill;Barcelona;Spain;South;Home Office;14/02/2014;Economy;Catalonia;2,1734035;41,3850639
AZ-2011-2606042;09/02/2014;Piper Wilder-Neligan;Frankfurt;Germany;Central;Consumer;09/02/2014;Immediate;Hesse;8,6821267;50,1109221
AZ-2011-5195846;09/02/2014;Patricia Lukes;Almelo;Netherlands;Central;Corporate;13/02/2014;Economy;Overijssel;6,6684919;52,3670267
AZ-2011-7255147;10/02/2014;Lilian Macredie;Basel;Switzerland;Central;Corporate;14/02/2014;Economy;Basel-Stadt;7,5885761;47,5595986
AZ-2011-5676694;10/02/2014;Jasmine Slater;Coslada;Spain;South;Corporate;15/02/2014;Economy;Madrid;-3,5651646;40,4260459
AZ-2011-819110;10/02/2014;Charlotte Taylor;Marseille;France;Central;Consumer;14/02/2014;Economy;Provence-Alpes-Côte d'Azur;5,36978;43,296482
BN-2011-3032749;10/02/2014;Victoria Bell;Hanover;Germany;Central;Home Office;10/02/2014;Immediate;Lower Saxony;9,7320104;52,3758916
AZ-2011-6048331;14/02/2014;Kayleigh Farmer;Elda;Spain;South;Consumer;19/02/2014;Economy Plus;Valenciana;-0,7964597;38,4765073
BN-2011-493873;15/02/2014;Tyson Ebden;Hardenberg;Netherlands;Central;Consumer;20/02/2014;Economy;Overijssel;6,6166947;52,5754084
BN-2011-408191;15/02/2014;Sophie Franklin;Seville;Spain;South;Corporate;21/02/2014;Economy;Andalusía;-5,9844589;37,3890924
BN-2011-307477;16/02/2014;Maya O'Sullivan;Muret;France;Central;Corporate;19/02/2014;Economy Plus;Languedoc-Roussillon-Midi-Pyrénées;1,33071;43,461574
AZ-2011-8122214;18/02/2014;Ronald Everson;Beaune;France;Central;Corporate;24/02/2014;Economy;Bourgogne-Franche-Comté;4,840004;47,02603
AZ-2011-9155070;18/02/2014;Julian Mack;Paris;France;Central;Consumer;23/02/2014;Economy;Ile-de-France;2,3522219;48,856614
AZ-2011-2939440;18/02/2014;Tegan Savage;Castrop-Rauxel;Germany;Central;Consumer;22/02/2014;Economy Plus;North Rhine-Westphalia;7,3150145;51,5632625
AZ-2011-2270958;21/02/2014;Eva Hargraves;Milan;Italy;South;Consumer;26/02/2014;Economy;Lombardy;9,1859243;45,4654219
BN-2011-555099;21/02/2014;Jonathan Summons;Zurich;Switzerland;Central;Consumer;25/02/2014;Economy;Zürich;8,541694;47,3768866
AZ-2011-8091357;22/02/2014;Darcy Farnell;Grosseto;Italy;South;Consumer;26/02/2014;Economy;Tuscany;11,1123634;42,7635254
AZ-2011-6186921;22/02/2014;Katherine Grant;Paris;France;Central;Consumer;24/02/2014;Economy Plus;Ile-de-France;2,3522219;48,856614
BN-2011-5307099;22/02/2014;Jared Wurster;Dublin;Ireland;North;Consumer;27/02/2014;Economy;Dublin;-6,2603097;53,3498053
BN-2011-8574171;23/02/2014;Kayla Ronald;Rome;Italy;South;Corporate;28/02/2014;Economy;Lazio;12,4963655;41,9027835
AZ-2011-8279503;24/02/2014;Angus Reading;Namur;Belgium;Central;Corporate;28/02/2014;Economy;Namur;4,8719854;50,4673883
BN-2011-3728079;26/02/2014;Jodie Mellor;Zaanstad;Netherlands;Central;Consumer;04/03/2014;Economy;North Holland;4,7510425;52,4579659
AZ-2011-2777408;01/03/2014;Maya Summers;Bochum;Germany;Central;Home Office;04/03/2014;Economy Plus;North Rhine-Westphalia;7,2162363;51,4818445
AZ-2011-4069925;01/03/2014;Oscar Clayton;Colmar;France;Central;Consumer;08/03/2014;Economy;Alsace-Champagne-Ardenne-Lorraine;7,358512;48,0793589
AZ-2011-7903656;01/03/2014;Angus De Groot;Farnborough;United Kingdom;North;Corporate;06/03/2014;Economy;England;-0,752615;51,2868939
AZ-2011-8074602;01/03/2014;Caleb Kenyon;Berlin;Germany;Central;Corporate;05/03/2014;Economy;Berlin;13,404954;52,5200066
AZ-2011-1410648;01/03/2014;Carl Proctor;Rome;Italy;South;Consumer;05/03/2014;Economy;Lazio;12,4963655;41,9027835
AZ-2011-496083;01/03/2014;Spencer Akhtar;Berlin;Germany;Central;Consumer;05/03/2014;Economy;Berlin;13,404954;52,5200066
AZ-2011-6969006;03/03/2014;Lincoln Want;Rimini;Italy;South;Consumer;09/03/2014;Economy;Emilia-Romagna;12,5695158;44,0678288
AZ-2011-5822789;07/03/2014;Niamh Mann;Paris;France;Central;Consumer;08/03/2014;Priority;Ile-de-France;2,3522219;48,856614
AZ-2011-7677596;08/03/2014;Nicole Nash;Baden-Baden;Germany;Central;Consumer;13/03/2014;Economy;Baden-Württemberg;8,2285242;48,76564
AZ-2011-3190941;09/03/2014;Joshua Romero;Madrid;Spain;South;Consumer;12/03/2014;Priority;Madrid;-3,7037902;40,4167754
AZ-2011-5422408;10/03/2014;John Kemp;Pforzheim;Germany;Central;Home Office;10/03/2014;Immediate;Baden-Württemberg;8,6946286;48,8921862
AZ-2011-9147715;10/03/2014;Ryan Greenwood;Sheffield;United Kingdom;North;Consumer;14/03/2014;Economy;England;-1,470085;53,381129
AZ-2011-1278696;10/03/2014;Naomi Hancock;Coventry;United Kingdom;North;Corporate;17/03/2014;Economy;England;-1,519693;52,406822
AZ-2011-8295770;11/03/2014;Thomas Stephens;Berlin;Germany;Central;Corporate;14/03/2014;Priority;Berlin;13,404954;52,5200066
AZ-2011-3714764;11/03/2014;Ashton Charles;Pessac;France;Central;Consumer;15/03/2014;Economy;Aquitaine-Limousin-Poitou-Charentes;-0,630386;44,80583
AZ-2011-4612792;12/03/2014;Shannon Howe;Helsinki;Finland;North;Consumer;19/03/2014;Economy;Uusimaa;24,938379;60,1698557
AZ-2011-7682838;12/03/2014;Joseph Ford;Basel;Switzerland;Central;Corporate;17/03/2014;Economy;Basel-Stadt;7,5885761;47,5595986
AZ-2011-9700826;14/03/2014;Alexander Bennett;Berlin;Germany;Central;Corporate;18/03/2014;Economy;Berlin;13,404954;52,5200066
AZ-2011-6222257;14/03/2014;Koby Phillip;Bonn;Germany;Central;Consumer;16/03/2014;Priority;North Rhine-Westphalia;7,0982068;50,73743
AZ-2011-823697;14/03/2014;Thomas McCallum;Leipzig;Germany;Central;Consumer;17/03/2014;Economy Plus;Saxony;12,3730747;51,3396955
AZ-2011-5265250;14/03/2014;Donna Nash;Tourcoing;France;Central;Corporate;19/03/2014;Economy Plus;Nord-Pas-de-Calais-Picardie;3,16207;50,724993
BN-2011-1399750;15/03/2014;Wanda Wingert;London;United Kingdom;North;Consumer;15/03/2014;Immediate;England;-0,1277583;51,5073509
AZ-2011-254910;16/03/2014;Scarlett Truchanas;Bari;Italy;South;Corporate;21/03/2014;Economy;Apulia;16,8718715;41,1171432
AZ-2011-8252363;17/03/2014;Jessica Paramor;Magdeburg;Germany;Central;Corporate;23/03/2014;Economy;Saxony-Anhalt;11,6276237;52,1205333
AZ-2011-1584987;18/03/2014;Charlie Brooks;Marseille;France;Central;Consumer;22/03/2014;Economy;Provence-Alpes-Côte d'Azur;5,36978;43,296482
AZ-2011-4707711;18/03/2014;Sam Wood;Noisy-le-Sec;France;Central;Home Office;20/03/2014;Priority;Ile-de-France;2,458625;48,892489
AZ-2011-7499604;21/03/2014;Gabriel Sanders;Stavanger;Norway;North;Consumer;26/03/2014;Economy;Rogaland;5,7331073;58,9699756
AZ-2011-1916360;21/03/2014;Charles Builder;Cagliari;Italy;South;Consumer;23/03/2014;Economy Plus;Sardinia;9,1216613;39,2238411
AZ-2011-2169445;21/03/2014;Aaron Bootman;Marsala;Italy;South;Consumer;24/03/2014;Priority;Sicily;12,4370156;37,798045
AZ-2011-7024596;21/03/2014;Kayla Tearle;Basel;Switzerland;Central;Corporate;25/03/2014;Economy;Basel-Stadt;7,5885761;47,5595986
BN-2011-7253620;21/03/2014;Kayla Ronald;Emmen;Netherlands;Central;Corporate;27/03/2014;Economy;Drenthe;6,8975851;52,7858037
AZ-2011-6314494;22/03/2014;Mary Wilson;Augsburg;Germany;Central;Consumer;27/03/2014;Economy Plus;Bavaria;10,89779;48,3705449
AZ-2011-3556179;23/03/2014;Paige Horsfall;Stralsund;Germany;Central;Home Office;27/03/2014;Economy;Mecklenburg-Vorpommern;13,0770347;54,3090654
AZ-2011-8308381;24/03/2014;Lily Tyler;Carcassonne;France;Central;Home Office;27/03/2014;Priority;Languedoc-Roussillon-Midi-Pyrénées;2,353663;43,212161
AZ-2011-5004051;25/03/2014;Charlie Wells;Sheffield;United Kingdom;North;Home Office;27/03/2014;Economy Plus;England;-1,470085;53,381129
AZ-2011-9505872;25/03/2014;Edward Zwar;Munich;Germany;Central;Consumer;27/03/2014;Economy Plus;Bavaria;11,5819806;48,1351253
AZ-2011-8738856;25/03/2014;Anthony Stewart;Wigan;United Kingdom;North;Home Office;27/03/2014;Priority;England;-2,6325074;53,5450645
BN-2011-8211228;25/03/2014;Sharon Kerley;Helmond;Netherlands;Central;Consumer;30/03/2014;Economy Plus;North Brabant;5,6570096;51,4792547
AZ-2011-5185285;26/03/2014;Samuel Thomas;Castres;France;Central;Consumer;28/03/2014;Priority;Languedoc-Roussillon-Midi-Pyrénées;2,241295;43,606214
BN-2011-9474783;26/03/2014;Benjamin Humphries;Zurich;Switzerland;Central;Consumer;01/04/2014;Economy;Zürich;8,541694;47,3768866
AZ-2011-4565223;28/03/2014;Morgan Anderson;Foligno;Italy;South;Corporate;01/04/2014;Economy;Umbria;12,7014749;42,9508683
BN-2011-6425274;28/03/2014;Luca Graham;Dresden;Germany;Central;Consumer;02/04/2014;Economy;Saxony;13,7372621;51,0504088
AZ-2011-8743509;29/03/2014;Chelsea Bannister;Hamm;Germany;Central;Consumer;30/03/2014;Priority;North Rhine-Westphalia;7,8159816;51,6738583
BN-2011-2502895;29/03/2014;Juanita Smalls;Hanover;Germany;Central;Home Office;04/04/2014;Economy;Lower Saxony;9,7320104;52,3758916
AZ-2011-8369879;30/03/2014;Alexis Code;Troisdorf;Germany;Central;Corporate;03/04/2014;Economy;North Rhine-Westphalia;7,1430246;50,8177471
AZ-2011-5463300;31/03/2014;Toby Conway;Geneva;Switzerland;Central;Consumer;04/04/2014;Economy;Geneva;6,1431577;46,2043907
AZ-2011-8060803;31/03/2014;Adam Bentley;Newcastle upon Tyne;United Kingdom;North;Consumer;04/04/2014;Economy;England;-1,61778;54,978252
BN-2011-2967562;31/03/2014;Angus De Groot;Gothenburg;Sweden;North;Corporate;06/04/2014;Economy;Västra Götaland;11,97456;57,70887
AZ-2011-8060550;01/04/2014;Harry Nelson;Treviso;Italy;South;Consumer;04/04/2014;Priority;Veneto;12,2430437;45,6668893
BN-2011-6893107;01/04/2014;Kayla Tearle;Rome;Italy;South;Corporate;04/04/2014;Priority;Lazio;12,4963655;41,9027835
AZ-2011-7089649;04/04/2014;Daryl Claypool;Le Havre;France;Central;Corporate;09/04/2014;Economy;Normandy;0,107929;49,49437
AZ-2011-9409671;04/04/2014;Aaron Bootman;Edinburgh;United Kingdom;North;Consumer;09/04/2014;Economy;Scotland;-3,188267;55,953252
AZ-2011-7659767;04/04/2014;Alexandra Macdonald;Saint-Priest;France;Central;Corporate;06/04/2014;Priority;Auvergne-Rhône-Alpes;4,947071;45,698938
AZ-2011-3089735;05/04/2014;Alexandra Macdonald;La Seyne-sur-Mer;France;Central;Corporate;09/04/2014;Economy;Provence-Alpes-Côte d'Azur;5,878219;43,102976
AZ-2011-3293357;06/04/2014;Skye McCaffrey;Lattes;France;Central;Consumer;12/04/2014;Economy;Languedoc-Roussillon-Midi-Pyrénées;3,896473;43,567296
AZ-2011-5817638;06/04/2014;Michelle Barrett;Geneva;Switzerland;Central;Consumer;10/04/2014;Economy;Geneva;6,1431577;46,2043907
AZ-2011-7072417;07/04/2014;Evie Rees;Le Blanc-Mesnil;France;Central;Consumer;13/04/2014;Economy;Ile-de-France;2,46436;48,941345
AZ-2011-2762983;07/04/2014;David Harney;Essen;Germany;Central;Corporate;11/04/2014;Economy Plus;North Rhine-Westphalia;7,0115552;51,4556432
BN-2011-5443120;09/04/2014;Kaitlyn Dorsch;Coimbra;Portugal;South;Corporate;11/04/2014;Economy Plus;Coimbra;-8,4102573;40,2033145
AZ-2011-3885003;11/04/2014;Logan Tilley;Bonn;Germany;Central;Consumer;13/04/2014;Economy Plus;North Rhine-Westphalia;7,0982068;50,73743
AZ-2011-107716;11/04/2014;Corey Norton;Marseille;France;Central;Consumer;16/04/2014;Economy;Provence-Alpes-Côte d'Azur;5,36978;43,296482
AZ-2011-4173505;12/04/2014;Owen Howell;Ponferrada;Spain;South;Home Office;16/04/2014;Economy Plus;Castile and León;-6,598259;42,5499958
BN-2011-6178410;12/04/2014;Molly Palmer;Nacka;Sweden;North;Corporate;13/04/2014;Priority;Stockholm;18,156042;59,307903
AZ-2011-1546153;14/04/2014;Nicholas Carey;Crewe;United Kingdom;North;Consumer;18/04/2014;Economy;England;-2,4438209;53,100405
AZ-2011-122598;14/04/2014;Eve Bates;Duisburg;Germany;Central;Consumer;17/04/2014;Priority;North Rhine-Westphalia;6,7623293;51,4344079
AZ-2011-231889;15/04/2014;Molly Palmer;Montigny-le-Bretonneux;France;Central;Corporate;17/04/2014;Economy Plus;Ile-de-France;2,0360157;48,7738734
BN-2011-7646735;16/04/2014;Gerald Galvan;Apeldoorn;Netherlands;Central;Corporate;21/04/2014;Economy;Gelderland;5,9699231;52,211157
AZ-2011-3304186;18/04/2014;Benjamin Lee;Brindisi;Italy;South;Corporate;20/04/2014;Economy Plus;Apulia;17,9417616;40,6327278
AZ-2011-9598217;18/04/2014;Donald Pak;Hamburg;Germany;Central;Corporate;22/04/2014;Economy;Hamburg;9,9936818;53,5510846
BN-2011-1677989;18/04/2014;Alexander Bennett;Fontainebleau;France;Central;Corporate;25/04/2014;Economy;Ile-de-France;2,70162;48,404676
AZ-2011-332801;19/04/2014;Koby Tompson;Riom;France;Central;Consumer;25/04/2014;Economy;Auvergne-Rhône-Alpes;3,114932;45,8939949
AZ-2011-4613853;19/04/2014;Mackenzie Whitford;Limoges;France;Central;Consumer;24/04/2014;Economy Plus;Aquitaine-Limousin-Poitou-Charentes;1,261105;45,833619
AZ-2011-6557147;20/04/2014;Sofia de Castella;Potsdam;Germany;Central;Consumer;26/04/2014;Economy;Brandenburg;13,0644729;52,3905689
AZ-2011-804486;20/04/2014;Eve Spencer;Lowestoft;United Kingdom;North;Consumer;26/04/2014;Economy;England;1,753449;52,481138
BN-2011-5751868;20/04/2014;Amy Nixon;Dublin;Ireland;North;Consumer;27/04/2014;Economy;Dublin;-6,2603097;53,3498053
AZ-2011-252578;21/04/2014;Sebastian McClelland;Elx;Spain;South;Consumer;26/04/2014;Economy;Valenciana;-0,7125608;38,2699329
AZ-2011-643323;22/04/2014;Luca Varley;Sannois;France;Central;Corporate;26/04/2014;Economy;Ile-de-France;2,256869;48,970782
BN-2011-2002150;25/04/2014;Tara Hines;Rotterdam;Netherlands;Central;Consumer;30/04/2014;Economy;South Holland;4,4777325;51,9244201
AZ-2011-5690380;26/04/2014;Jay Andrews;Halifax;United Kingdom;North;Consumer;30/04/2014;Economy;England;-1,85754;53,72702
AZ-2011-1362591;26/04/2014;Ava Giles;Duisburg;Germany;Central;Corporate;01/05/2014;Economy;North Rhine-Westphalia;6,7623293;51,4344079
BN-2011-7884993;26/04/2014;Gracie Powell;Paris;France;Central;Consumer;27/04/2014;Immediate;Ile-de-France;2,3522219;48,856614
BN-2011-5290627;26/04/2014;Kristal McCaslin;Milan;Italy;South;Corporate;02/05/2014;Economy;Lombardy;9,1859243;45,4654219
AZ-2011-5098375;27/04/2014;Mariam McMeckan;Rubí;Spain;South;Corporate;02/05/2014;Economy;Catalonia;2,0349243;41,4971174
AZ-2011-8844789;27/04/2014;Lori Miller;Le Petit-Quevilly;France;Central;Consumer;03/05/2014;Economy;Normandy;1,054325;49,429895
BN-2011-357064;27/04/2014;William Somerville;Nijmegen;Netherlands;Central;Corporate;02/05/2014;Economy;Gelderland;5,8372264;51,8125626
BN-2011-5672017;27/04/2014;Louie Knight;Chaumont;France;Central;Consumer;03/05/2014;Economy;Alsace-Champagne-Ardenne-Lorraine;5,1392559;48,113748
AZ-2011-4159708;28/04/2014;Jodie Garner;Vernon;France;Central;Consumer;04/05/2014;Economy;Normandy;1,488107;49,091958
AZ-2011-1372644;29/04/2014;Imogen Daly;Geneva;Switzerland;Central;Consumer;05/05/2014;Economy;Geneva;6,1431577;46,2043907
AZ-2011-3114201;29/04/2014;Mohammed Fox;Cholet;France;Central;Consumer;03/05/2014;Economy;Pays de la Loire;-0,879787;47,059407
AZ-2011-2564570;29/04/2014;Charlotte Taylor;Siena;Italy;South;Consumer;03/05/2014;Economy;Tuscany;11,3307574;43,318809
AZ-2011-6133674;29/04/2014;Melody Nelson;Cesena;Italy;South;Corporate;03/05/2014;Economy;Emilia-Romagna;12,2464292;44,1396438
AZ-2011-7804688;29/04/2014;Jacob Roemer;Nogent-sur-Oise;France;Central;Corporate;03/05/2014;Economy;Nord-Pas-de-Calais-Picardie;2,464688;49,278948
AZ-2011-5801302;29/04/2014;Leslie Wilson;Antwerp;Belgium;Central;Consumer;01/05/2014;Priority;Antwerp;4,4024643;51,2194475
AZ-2011-7732593;02/05/2014;Eileen Walker;Pontoise;France;Central;Consumer;06/05/2014;Economy;Ile-de-France;2,100645;49,050966
AZ-2011-1672552;02/05/2014;Sam French;Krefeld;Germany;Central;Consumer;09/05/2014;Economy;North Rhine-Westphalia;6,5853417;51,3387609
AZ-2011-3348631;03/05/2014;Ebony Sadlier;Bremen;Germany;Central;Corporate;07/05/2014;Economy Plus;Bremen;8,8016937;53,0792962
AZ-2011-9958697;04/05/2014;Dylan Disney;Augsburg;Germany;Central;Home Office;09/05/2014;Economy;Bavaria;10,89779;48,3705449
AZ-2011-7976569;04/05/2014;Toby Clunie;London;United Kingdom;North;Consumer;08/05/2014;Economy;England;-0,1277583;51,5073509
AZ-2011-821395;04/05/2014;Rose Heap;Munich;Germany;Central;Consumer;07/05/2014;Economy Plus;Bavaria;11,5819806;48,1351253
AZ-2011-6843566;04/05/2014;Edward Webber;Moers;Germany;Central;Home Office;08/05/2014;Economy;North Rhine-Westphalia;6,6408148;51,4516041
AZ-2011-6807336;04/05/2014;Philip Newsom;Ulm;Germany;Central;Corporate;10/05/2014;Economy;Baden-Württemberg;9,9876076;48,4010822
AZ-2011-6172786;05/05/2014;Louis Scott;Vienna;Austria;Central;Corporate;10/05/2014;Economy;Vienna;16,3738189;48,2081743
BN-2011-8990099;05/05/2014;John Kemp;Erfurt;Germany;Central;Home Office;11/05/2014;Economy;Thuringia;11,0298799;50,9847679
AZ-2011-3973701;06/05/2014;Eva Arnold;Watford;United Kingdom;North;Consumer;08/05/2014;Priority;England;-0,39032;51,656489
AZ-2011-5289752;07/05/2014;Lisa Watkins;Alcobendas;Spain;South;Consumer;09/05/2014;Economy Plus;Madrid;-3,6372245;40,5372512
BN-2011-4790136;07/05/2014;Richard Poole;Amsterdam;Netherlands;Central;Home Office;12/05/2014;Economy Plus;North Holland;4,8951679;52,3702157
BN-2011-827720;09/05/2014;Ewan Hyde;Stockholm;Sweden;North;Consumer;14/05/2014;Economy;Stockholm;18,0685808;59,3293235
BN-2011-7286308;09/05/2014;Patricia Smith;Porto;Portugal;South;Corporate;12/05/2014;Priority;Porto;-8,6291053;41,1579438
AZ-2011-2112563;10/05/2014;Francesca Bowen;Champigny-sur-Marne;France;Central;Consumer;15/05/2014;Economy;Ile-de-France;2,515556;48,817049
AZ-2011-7847155;10/05/2014;Denise Harris;Dudley;United Kingdom;North;Consumer;14/05/2014;Economy;England;-2,081112;52,512255
BN-2011-8749099;10/05/2014;Phoebe Moore;Barcelona;Spain;South;Corporate;10/05/2014;Immediate;Catalonia;2,1734035;41,3850639
BN-2011-8234232;10/05/2014;Erick Tanner;Stockholm;Sweden;North;Corporate;12/05/2014;Economy Plus;Stockholm;18,0685808;59,3293235
BN-2011-1627157;11/05/2014;Viola Watson;Apeldoorn;Netherlands;Central;Consumer;15/05/2014;Economy Plus;Gelderland;5,9699231;52,211157
AZ-2011-6296469;12/05/2014;Maddison Newman;Utrecht;Netherlands;Central;Corporate;17/05/2014;Economy;Utrecht;5,1214201;52,0907374
BN-2011-7737747;12/05/2014;Patrick Townson;Bordeaux;France;Central;Home Office;14/05/2014;Priority;Aquitaine-Limousin-Poitou-Charentes;-0,57918;44,837789
AZ-2011-6532640;13/05/2014;Jason Roger;Messina;Italy;South;Corporate;15/05/2014;Economy Plus;Sicily;15,5540152;38,1938137
AZ-2011-7005483;13/05/2014;Robert James;Vincennes;France;Central;Home Office;17/05/2014;Economy;Ile-de-France;2,4394969;48,847759
AZ-2011-2189408;15/05/2014;Edward Hodges;Neuilly-sur-Marne;France;Central;Consumer;19/05/2014;Economy Plus;Ile-de-France;2,528373;48,856898
BN-2011-815729;16/05/2014;Ralph Holmes;Dublin;Ireland;North;Consumer;21/05/2014;Economy;Dublin;-6,2603097;53,3498053
AZ-2011-9083887;17/05/2014;Tina Phelps;Milan;Italy;South;Consumer;23/05/2014;Economy;Lombardy;9,1859243;45,4654219
AZ-2011-1366554;18/05/2014;Rebecca Chamberlain;Argenteuil;France;Central;Home Office;18/05/2014;Immediate;Ile-de-France;2,2466847;48,9472096
AZ-2011-7326281;18/05/2014;Maddison Breen;Berlin;Germany;Central;Corporate;22/05/2014;Economy;Berlin;13,404954;52,5200066
AZ-2011-3434177;18/05/2014;Ryan Price;Vienna;Austria;Central;Consumer;24/05/2014;Economy;Vienna;16,3738189;48,2081743
BN-2011-5141814;18/05/2014;Gabriel Sanders;Quartu Sant'Elena;Italy;South;Consumer;25/05/2014;Economy;Sardinia;9,1836462;39,2413493
AZ-2011-309750;19/05/2014;Milla Hollinworth;Toledo;Spain;South;Corporate;23/05/2014;Economy;Castile-La Mancha;-4,0273231;39,8628316
AZ-2011-6212291;19/05/2014;Henry Chandler;Rennes;France;Central;Home Office;21/05/2014;Economy Plus;Brittany;-1,6777926;48,117266
AZ-2011-1474073;21/05/2014;Mary Parker;Rome;Italy;South;Corporate;27/05/2014;Economy;Lazio;12,4963655;41,9027835
BN-2011-553410;21/05/2014;Bianca Monsoor;Breda;Netherlands;Central;Consumer;25/05/2014;Economy Plus;North Brabant;4,768323;51,5719149
BN-2011-5294325;25/05/2014;Angus Reading;Naples;Italy;South;Corporate;29/05/2014;Economy;Campania;14,2681244;40,8517746
AZ-2011-8742773;26/05/2014;Alana Zahel;Lisieux;France;Central;Consumer;28/05/2014;Priority;Normandy;0,227849;49,145922
AZ-2011-8973571;26/05/2014;Lily Dallachy;Portsmouth;United Kingdom;North;Corporate;30/05/2014;Economy;England;-1,0879769;50,8197675
AZ-2011-3247022;26/05/2014;Louis Wilson;London;United Kingdom;North;Consumer;02/06/2014;Economy;England;-0,1277583;51,5073509
AZ-2011-2598415;27/05/2014;Lincoln Want;Pulheim;Germany;Central;Consumer;30/05/2014;Priority;North Rhine-Westphalia;6,8076853;50,9995815
AZ-2011-4835209;27/05/2014;Esther Henderson;Hamburg;Germany;Central;Consumer;31/05/2014;Economy;Hamburg;9,9936818;53,5510846
BN-2011-602308;27/05/2014;Mariam McMeckan;Stockholm;Sweden;North;Corporate;30/05/2014;Priority;Stockholm;18,0685808;59,3293235
AZ-2011-5869323;28/05/2014;Elijah Sodeman;Luton;United Kingdom;North;Consumer;02/06/2014;Economy;England;-0,4200255;51,8786707
BN-2011-6162681;30/05/2014;Angus Ibsch;Talence;France;Central;Consumer;02/06/2014;Priority;Aquitaine-Limousin-Poitou-Charentes;-0,588054;44,802614
BN-2011-764592;31/05/2014;Leon Thompson;Rome;Italy;South;Consumer;05/06/2014;Economy;Lazio;12,4963655;41,9027835
AZ-2011-1655349;01/06/2014;Lorri Stratton;Deuil-la-Barre;France;Central;Consumer;06/06/2014;Economy;Ile-de-France;2,3272339;48,975751
AZ-2011-2820672;01/06/2014;Rachel Tyler;Lyon;France;Central;Corporate;05/06/2014;Economy;Auvergne-Rhône-Alpes;4,835659;45,764043
AZ-2011-1723003;01/06/2014;Paige Horsfall;Barcelona;Spain;South;Home Office;05/06/2014;Economy;Catalonia;2,1734035;41,3850639
AZ-2011-5002447;01/06/2014;Maddison Breen;Cork;Ireland;North;Corporate;06/06/2014;Economy;Cork;-8,4863157;51,8968917
AZ-2011-3515834;01/06/2014;Molly Crawford;Wigan;United Kingdom;North;Corporate;04/06/2014;Priority;England;-2,6325074;53,5450645
AZ-2011-3846849;01/06/2014;Tyler Whitehead;Warrington;United Kingdom;North;Corporate;04/06/2014;Economy Plus;England;-2,5969501;53,3900441
AZ-2011-1332474;02/06/2014;David Mortlock;Milan;Italy;South;Consumer;07/06/2014;Economy;Lombardy;9,1859243;45,4654219
AZ-2011-3020021;02/06/2014;Bianca Whitford;London;United Kingdom;North;Corporate;07/06/2014;Economy;England;-0,1277583;51,5073509
BN-2011-9771202;02/06/2014;Angus De Groot;Augsburg;Germany;Central;Corporate;04/06/2014;Economy Plus;Bavaria;10,89779;48,3705449
BN-2011-8337636;02/06/2014;Minnie Cash;Groningen;Netherlands;Central;Corporate;07/06/2014;Economy Plus;Groningen;6,5665018;53,2193835
BN-2011-4249147;03/06/2014;Ada Dalton;Strasbourg;France;Central;Corporate;08/06/2014;Economy;Alsace-Champagne-Ardenne-Lorraine;7,7521113;48,5734053
AZ-2011-6122805;04/06/2014;Molly De Mole;Edinburgh;United Kingdom;North;Corporate;10/06/2014;Economy;Scotland;-3,188267;55,953252
BN-2011-7796258;04/06/2014;Elise Ali;Hanover;Germany;Central;Home Office;09/06/2014;Economy;Lower Saxony;9,7320104;52,3758916
AZ-2011-2948812;06/06/2014;Eva Butler;Oyonnax;France;Central;Corporate;09/06/2014;Priority;Auvergne-Rhône-Alpes;5,655335;46,257773
AZ-2011-7014445;06/06/2014;Rory Gunson;Vienna;Austria;Central;Consumer;07/06/2014;Priority;Vienna;16,3738189;48,2081743
AZ-2011-8121091;06/06/2014;Maya Pamphlett;Cologne;Germany;Central;Consumer;08/06/2014;Economy Plus;North Rhine-Westphalia;6,9602786;50,937531
AZ-2011-8223268;06/06/2014;Harry Ahmed;Marseille;France;Central;Consumer;09/06/2014;Priority;Provence-Alpes-Côte d'Azur;5,36978;43,296482
AZ-2011-2179552;06/06/2014;Pamela Searles;London;United Kingdom;North;Home Office;10/06/2014;Economy;England;-0,1277583;51,5073509
AZ-2011-9876342;06/06/2014;Charlie Donnelly;Colchester;United Kingdom;North;Consumer;13/06/2014;Economy;England;0,891874;51,895927
BN-2011-9297999;06/06/2014;Tilly Payne;Dublin;Ireland;North;Consumer;10/06/2014;Economy;Dublin;-6,2603097;53,3498053
AZ-2011-7200468;07/06/2014;Molly Bidmead;Paris;France;Central;Home Office;11/06/2014;Economy;Ile-de-France;2,3522219;48,856614
AZ-2011-981373;07/06/2014;Samuel Hardey;Drancy;France;Central;Home Office;11/06/2014;Economy;Ile-de-France;2,445676;48,924298
AZ-2011-4872140;07/06/2014;Erin Rogers;Mannheim;Germany;Central;Consumer;12/06/2014;Economy;Baden-Württemberg;8,4660395;49,4874592
AZ-2011-3308302;07/06/2014;Carrie Boots;Evreux;France;Central;Corporate;09/06/2014;Economy Plus;Normandy;1,151361;49,0270129
AZ-2011-2118516;07/06/2014;Madeline Crooks;Norwich;United Kingdom;North;Consumer;11/06/2014;Economy;England;1,297355;52,6308859
AZ-2011-4599404;07/06/2014;Susan Williams;Southend-on-Sea;United Kingdom;North;Home Office;12/06/2014;Economy;England;0,7077123;51,5459269
BN-2011-4708578;07/06/2014;Steven Prince;Palermo;Italy;South;Home Office;13/06/2014;Economy;Sicily;13,3612671;38,1156879
BN-2011-28993;07/06/2014;Louise Winter;Worcester;United Kingdom;North;Corporate;08/06/2014;Priority;England;-2,221575;52,193636
AZ-2011-1240916;08/06/2014;Tyson Hanna;Ghent;Belgium;Central;Consumer;11/06/2014;Priority;East Flanders;3,7174243;51,0543422
AZ-2011-2143841;08/06/2014;Joseph Locke;Berlin;Germany;Central;Corporate;12/06/2014;Economy;Berlin;13,404954;52,5200066
AZ-2011-2875746;08/06/2014;Harry Ahmed;Chatham;United Kingdom;North;Consumer;12/06/2014;Economy;England;0,52213;51,380952
AZ-2011-1584049;08/06/2014;Georgina Garner;Ceuta;Spain;South;Consumer;13/06/2014;Economy;Ceuta;-5,3213455;35,8893874
AZ-2011-8788804;09/06/2014;Ellie Chapman;Mannheim;Germany;Central;Home Office;14/06/2014;Economy;Baden-Württemberg;8,4660395;49,4874592
AZ-2011-5917724;09/06/2014;Tyler Miah;Remscheid;Germany;Central;Home Office;09/06/2014;Immediate;North Rhine-Westphalia;7,1896962;51,1787418
AZ-2011-1116129;09/06/2014;Marcus Leon;Munich;Germany;Central;Corporate;11/06/2014;Economy Plus;Bavaria;11,5819806;48,1351253
BN-2011-2203231;09/06/2014;Katie Thom;Toulouse;France;Central;Corporate;12/06/2014;Economy Plus;Languedoc-Roussillon-Midi-Pyrénées;1,444209;43,604652
BN-2011-8607391;09/06/2014;William Reichert;Hautmont;France;Central;Consumer;10/06/2014;Priority;Nord-Pas-de-Calais-Picardie;3,91708;50,246997
AZ-2011-1174243;10/06/2014;Louis Scott;London;United Kingdom;North;Corporate;13/06/2014;Priority;England;-0,1277583;51,5073509
BN-2011-1694636;10/06/2014;Jayden Ali;Lille;France;Central;Consumer;13/06/2014;Priority;Nord-Pas-de-Calais-Picardie;3,057256;50,62925
BN-2011-4315830;10/06/2014;Adam Harte;Aprilia;Italy;South;Corporate;16/06/2014;Economy;Lazio;12,6560314;41,5944018
AZ-2011-4087409;11/06/2014;Anna Leal;Vienna;Austria;Central;Consumer;14/06/2014;Priority;Vienna;16,3738189;48,2081743
AZ-2011-8128618;11/06/2014;Theresa Varner;Milan;Italy;South;Corporate;11/06/2014;Immediate;Lombardy;9,1859243;45,4654219
AZ-2011-9350558;13/06/2014;Hubert Lindahl;Thonon-les-Bains;France;Central;Corporate;18/06/2014;Economy;Auvergne-Rhône-Alpes;6,477635;46,373565
AZ-2011-555801;13/06/2014;Angus Gether;Vitry-sur-Seine;France;Central;Consumer;18/06/2014;Economy Plus;Ile-de-France;2,39851;48,792001
AZ-2011-8824972;13/06/2014;Zara Money;Antwerp;Belgium;Central;Corporate;16/06/2014;Priority;Antwerp;4,4024643;51,2194475
AZ-2011-9119536;13/06/2014;Ethan Barrett;Venice;Italy;South;Consumer;17/06/2014;Economy;Veneto;12,3155151;45,4408474
AZ-2011-6646927;14/06/2014;Eve Bates;Bamberg;Germany;Central;Consumer;18/06/2014;Economy Plus;Bavaria;10,9027636;49,8988135
AZ-2011-1335871;14/06/2014;Ruby Patel;London;United Kingdom;North;Home Office;18/06/2014;Economy;England;-0,1277583;51,5073509
AZ-2011-4229445;14/06/2014;Casey Forte;Bolton;United Kingdom;North;Consumer;18/06/2014;Economy;England;-2,4282192;53,5768647
AZ-2011-5228035;15/06/2014;Kelly Long;Vienna;Austria;Central;Corporate;17/06/2014;Priority;Vienna;16,3738189;48,2081743
AZ-2011-96343;15/06/2014;Peter Daly;Halmstad;Sweden;North;Consumer;17/06/2014;Priority;Halland;12,8577884;56,6743748
BN-2011-7723992;15/06/2014;Sofia de Castella;Paris;France;Central;Consumer;21/06/2014;Economy;Ile-de-France;2,3522219;48,856614
AZ-2011-1253407;16/06/2014;Isabella Falkiner;Odense;Denmark;North;Corporate;19/06/2014;Priority;South Denmark;10,40237;55,403756
AZ-2011-6268545;16/06/2014;Hayden Perkins;Aprilia;Italy;South;Consumer;17/06/2014;Priority;Lazio;12,6560314;41,5944018
AZ-2011-310635;16/06/2014;Susan Williams;Wallasey;United Kingdom;North;Home Office;20/06/2014;Economy;England;-3,066215;53,426521
AZ-2011-7695869;16/06/2014;Lauren Knight;London;United Kingdom;North;Consumer;18/06/2014;Economy Plus;England;-0,1277583;51,5073509
BN-2011-5228628;16/06/2014;Robert Zapata;Southport;United Kingdom;North;Consumer;20/06/2014;Economy Plus;England;-3,010113;53,645708
AZ-2011-8734686;17/06/2014;Michael Watkins;Talence;France;Central;Home Office;22/06/2014;Economy;Aquitaine-Limousin-Poitou-Charentes;-0,588054;44,802614
AZ-2011-6819869;17/06/2014;Josh Wilkinson;Lormont;France;Central;Corporate;19/06/2014;Priority;Aquitaine-Limousin-Poitou-Charentes;-0,523108;44,880163
BN-2011-2650591;17/06/2014;Lucas Wood;Maisons-Alfort;France;Central;Corporate;24/06/2014;Economy;Ile-de-France;2,429443;48,801148
BN-2011-8274717;17/06/2014;Marcus Griffin;Wolverhampton;United Kingdom;North;Home Office;20/06/2014;Priority;England;-2,12882;52,586973
BN-2011-3154402;17/06/2014;Larry Lambert;Gothenburg;Sweden;North;Consumer;21/06/2014;Economy;Västra Götaland;11,97456;57,70887
AZ-2011-8968615;18/06/2014;Sam French;Vienna;Austria;Central;Consumer;22/06/2014;Economy;Vienna;16,3738189;48,2081743
AZ-2011-9703855;18/06/2014;Nancy Fike;Valladolid;Spain;South;Consumer;25/06/2014;Economy;Castile and León;-4,7245321;41,652251
BN-2011-5897988;18/06/2014;Casey Forte;Pamplona;Spain;South;Consumer;20/06/2014;Economy Plus;Navarra;-1,6457745;42,812526
AZ-2011-9747557;20/06/2014;Don Willie;Venice;Italy;South;Corporate;24/06/2014;Economy;Veneto;12,3155151;45,4408474
AZ-2011-9528187;20/06/2014;Charlie Power;Mansfield;United Kingdom;North;Home Office;24/06/2014;Economy;England;-1,198674;53,147195
BN-2011-2779245;20/06/2014;Stella Hellyer;Perpignan;France;Central;Consumer;24/06/2014;Economy;Languedoc-Roussillon-Midi-Pyrénées;2,8948332;42,6886591
AZ-2011-9777525;21/06/2014;Charlie Horrocks;Weston-super-Mare;United Kingdom;North;Consumer;27/06/2014;Economy;England;-2,977255;51,347405
AZ-2011-209146;22/06/2014;Charlie Horrocks;Messina;Italy;South;Consumer;27/06/2014;Economy;Sicily;15,5540152;38,1938137
AZ-2011-9153342;22/06/2014;Harold Smith;Hagen;Germany;Central;Consumer;25/06/2014;Economy Plus;North Rhine-Westphalia;7,4632841;51,3670777
AZ-2011-7162549;22/06/2014;Tammy Chamblee;Minden;Germany;Central;Consumer;26/06/2014;Economy;North Rhine-Westphalia;8,8949206;52,2964919
AZ-2011-4946550;22/06/2014;Joseph Locke;Vienna;Austria;Central;Corporate;25/06/2014;Priority;Vienna;16,3738189;48,2081743
AZ-2011-7543304;22/06/2014;Lane Taylor;Ludwigshafen am Rhein;Germany;Central;Corporate;26/06/2014;Economy;Rhineland-Palatinate;8,44518;49,47741
BN-2011-9883465;22/06/2014;Sophia Owen;Zwolle;Netherlands;Central;Corporate;24/06/2014;Economy Plus;Overijssel;6,0830219;52,5167747
AZ-2011-9194903;24/06/2014;Ralph Holmes;La Seyne-sur-Mer;France;Central;Consumer;28/06/2014;Economy;Provence-Alpes-Côte d'Azur;5,878219;43,102976
AZ-2011-8847796;24/06/2014;Walter Aguilar;Madrid;Spain;South;Consumer;28/06/2014;Economy;Madrid;-3,7037902;40,4167754
BN-2011-3243410;24/06/2014;David Lowe;Roermond;Netherlands;Central;Consumer;29/06/2014;Economy;Limburg;5,9877715;51,1913202
BN-2011-151204;24/06/2014;Benjamin Lee;Freiburg;Germany;Central;Corporate;30/06/2014;Economy;Baden-Württemberg;7,8421043;47,9990077
BN-2011-7016974;25/06/2014;Jordan Peacock;Stockholm;Sweden;North;Corporate;01/07/2014;Economy;Stockholm;18,0685808;59,3293235
AZ-2011-2884922;27/06/2014;Courtney Hancock;Roanne;France;Central;Consumer;02/07/2014;Economy;Auvergne-Rhône-Alpes;4,072695;46,034432
AZ-2011-635398;27/06/2014;Georgina Garner;Vienna;Austria;Central;Consumer;29/06/2014;Economy Plus;Vienna;16,3738189;48,2081743
AZ-2011-2627856;27/06/2014;Randall Roberts;Las Rozas de Madrid;Spain;South;Consumer;03/07/2014;Economy;Madrid;-3,8757916;40,4935329
AZ-2011-3901505;27/06/2014;Kayla Tearle;Mont-de-Marsan;France;Central;Corporate;02/07/2014;Economy;Aquitaine-Limousin-Poitou-Charentes;-0,499782;43,893485
AZ-2011-177100;27/06/2014;Edward Davidson;Gallarate;Italy;South;Home Office;01/07/2014;Economy;Lombardy;8,7921269;45,6623632
AZ-2011-4442288;27/06/2014;Mike Langer;Wiesbaden;Germany;Central;Corporate;28/06/2014;Immediate;Hesse;8,2397608;50,0782184
AZ-2011-3921026;27/06/2014;Jordan Peacock;Saint-Laurent-du-Var;France;Central;Corporate;02/07/2014;Economy;Provence-Alpes-Côte d'Azur;7,189811;43,673417
BN-2011-3143758;27/06/2014;Kimberly Boyd;Messina;Italy;South;Corporate;03/07/2014;Economy;Sicily;15,5540152;38,1938137
AZ-2011-7652463;28/06/2014;Ava Corbin;Berlin;Germany;Central;Home Office;05/07/2014;Economy;Berlin;13,404954;52,5200066
AZ-2011-6447932;28/06/2014;William Martin;Barcelona;Spain;South;Corporate;03/07/2014;Economy;Catalonia;2,1734035;41,3850639
AZ-2011-5827692;28/06/2014;Jonathan Bottrill;Glasgow;United Kingdom;North;Consumer;02/07/2014;Economy;Scotland;-4,251806;55,864237
AZ-2011-1260928;28/06/2014;Ruby Frost;Torremolinos;Spain;South;Home Office;04/07/2014;Economy;Andalusía;-4,4994767;36,6225541
AZ-2011-5082038;28/06/2014;Lane Taylor;Anglet;France;Central;Corporate;01/07/2014;Priority;Aquitaine-Limousin-Poitou-Charentes;-1,514699;43,481402
BN-2011-1481332;28/06/2014;Sam French;London;United Kingdom;North;Consumer;02/07/2014;Economy;England;-0,1277583;51,5073509
AZ-2011-2389500;29/06/2014;Jack Brier;Paris;France;Central;Consumer;03/07/2014;Economy;Ile-de-France;2,3522219;48,856614
BN-2011-8231931;29/06/2014;Laura Akhtar;London;United Kingdom;North;Consumer;06/07/2014;Economy;England;-0,1277583;51,5073509
AZ-2011-1722024;01/07/2014;Chelsea Bannister;Coventry;United Kingdom;North;Consumer;03/07/2014;Priority;England;-1,519693;52,406822
BN-2011-9985747;02/07/2014;Charlotte Savage;Dublin;Ireland;North;Consumer;03/07/2014;Priority;Dublin;-6,2603097;53,3498053
AZ-2011-8945919;06/07/2014;Daryl Claypool;Bressuire;France;Central;Corporate;13/07/2014;Economy;Aquitaine-Limousin-Poitou-Charentes;-0,492866;46,84246
AZ-2011-1773848;06/07/2014;Desiree Hurt;Gronau;Germany;Central;Home Office;10/07/2014;Economy;North Rhine-Westphalia;7,0289361;52,1841199
AZ-2011-9520720;06/07/2014;Henry Pedder;Rochdale;United Kingdom;North;Consumer;06/07/2014;Immediate;England;-2,1561;53,6097136
AZ-2011-5663696;07/07/2014;Paul Cleary;Villingen-Schwenningen;Germany;Central;Corporate;12/07/2014;Economy;Baden-Württemberg;8,4640869;48,0594021
AZ-2011-6053355;08/07/2014;Hollie Morris;Les Lilas;France;Central;Corporate;12/07/2014;Economy Plus;Ile-de-France;2,419452;48,881935
AZ-2011-8727445;08/07/2014;Mia McLean;Hamburg;Germany;Central;Corporate;14/07/2014;Economy;Hamburg;9,9936818;53,5510846
AZ-2011-6011646;09/07/2014;Nancy Fike;Vincennes;France;Central;Consumer;13/07/2014;Economy;Ile-de-France;2,4394969;48,847759
AZ-2011-800016;09/07/2014;Denise Harris;Linz;Austria;Central;Consumer;13/07/2014;Economy;Upper Austria;14,28583;48,30694
AZ-2011-597829;11/07/2014;Liam Mathias;Langenhagen;Germany;Central;Corporate;15/07/2014;Economy;Lower Saxony;9,7443992;52,4528001
AZ-2011-7412293;12/07/2014;Georgina Garner;Remscheid;Germany;Central;Consumer;14/07/2014;Economy Plus;North Rhine-Westphalia;7,1896962;51,1787418
AZ-2011-5420037;12/07/2014;Caleb Kenyon;Cottbus;Germany;Central;Corporate;17/07/2014;Economy;Brandenburg;14,3328679;51,7563108
AZ-2011-7586957;12/07/2014;Robert Ramsey;Marsala;Italy;South;Consumer;18/07/2014;Economy;Sicily;12,4370156;37,798045
BN-2011-2207137;12/07/2014;Juanita Smalls;Birmingham;United Kingdom;North;Home Office;16/07/2014;Economy;England;-1,890401;52,486243
AZ-2011-2201547;13/07/2014;Lola Hughes;Bideford;United Kingdom;North;Consumer;18/07/2014;Economy;England;-4,206666;51,016684
AZ-2011-9195433;14/07/2014;Kristina Moore;Ponferrada;Spain;South;Corporate;20/07/2014;Economy;Castile and León;-6,598259;42,5499958
BN-2011-6142692;14/07/2014;Jack Brier;London;United Kingdom;North;Consumer;15/07/2014;Priority;England;-0,1277583;51,5073509
AZ-2011-9806635;16/07/2014;Isabella Secombe;Vienna;Austria;Central;Consumer;19/07/2014;Economy Plus;Vienna;16,3738189;48,2081743
AZ-2011-4743912;18/07/2014;Cerys Edwards;Landerneau;France;Central;Consumer;24/07/2014;Economy;Brittany;-4,248437;48,450821
AZ-2011-1693949;18/07/2014;Cynthia Zielinski;Derby;United Kingdom;North;Home Office;23/07/2014;Economy;England;-1,4746186;52,9225301
AZ-2011-7849219;20/07/2014;Abby Mei;Vantaa;Finland;North;Corporate;20/07/2014;Immediate;Uusimaa;25,0377686;60,2933524
BN-2011-2343184;20/07/2014;Rory Martindale;Aylesbury;United Kingdom;North;Consumer;22/07/2014;Economy Plus;England;-0,8084;51,815606
BN-2011-5006178;21/07/2014;Amy Nixon;Dublin;Ireland;North;Consumer;25/07/2014;Economy Plus;Dublin;-6,2603097;53,3498053
AZ-2011-3252710;22/07/2014;Archie Whittaker;Hastings;United Kingdom;North;Home Office;24/07/2014;Economy Plus;England;0,573453;50,854259
BN-2011-9020794;24/07/2014;Kian Thomson;Vila Nova de Gaia;Portugal;South;Consumer;26/07/2014;Priority;Porto;-8,6117851;41,1238759
AZ-2011-9278870;26/07/2014;Chloe Miller;Stuttgart;Germany;Central;Consumer;30/07/2014;Economy;Baden-Württemberg;9,1829321;48,7758459
AZ-2011-9510405;27/07/2014;Donald Pak;Reus;Spain;South;Corporate;01/08/2014;Economy;Catalonia;1,1055321;41,1498259
AZ-2011-2831492;27/07/2014;Jasper Neighbour;Grosseto;Italy;South;Corporate;31/07/2014;Economy Plus;Tuscany;11,1123634;42,7635254
AZ-2011-3976238;27/07/2014;Ashton Foley;Bressuire;France;Central;Consumer;31/07/2014;Economy;Aquitaine-Limousin-Poitou-Charentes;-0,492866;46,84246
BN-2011-1490641;27/07/2014;Ali Jerger;Genoa;Italy;South;Corporate;29/07/2014;Priority;Liguria;8,946256;44,4056499
BN-2011-326585;27/07/2014;Lily Dallachy;Cerignola;Italy;South;Corporate;30/07/2014;Economy Plus;Apulia;15,8939163;41,2656592
AZ-2011-1603295;28/07/2014;Joel Peters;La Madeleine;France;Central;Home Office;04/08/2014;Economy;Nord-Pas-de-Calais-Picardie;3,073511;50,654836
BN-2011-743949;28/07/2014;Mohammed Fox;The Hague;Netherlands;Central;Consumer;01/08/2014;Economy;South Holland;4,3006999;52,0704978
AZ-2011-4432302;29/07/2014;Henry Winder;Rostock;Germany;Central;Corporate;31/07/2014;Economy Plus;Mecklenburg-Vorpommern;12,0991466;54,0924406
AZ-2011-1362199;29/07/2014;Luz Reilly;Dresden;Germany;Central;Consumer;05/08/2014;Economy;Saxony;13,7372621;51,0504088
BN-2011-5036253;29/07/2014;Lucas Wood;Sheffield;United Kingdom;North;Corporate;01/08/2014;Priority;England;-1,470085;53,381129
AZ-2011-5148757;31/07/2014;Ebony Sadlier;Antwerp;Belgium;Central;Corporate;04/08/2014;Economy;Antwerp;4,4024643;51,2194475
AZ-2011-1029887;31/07/2014;Brooke Hodgson;Leipzig;Germany;Central;Consumer;03/08/2014;Economy Plus;Saxony;12,3730747;51,3396955
AZ-2011-1680940;01/08/2014;Leslie Wilson;Champigny-sur-Marne;France;Central;Consumer;08/08/2014;Economy;Ile-de-France;2,515556;48,817049
AZ-2011-5466756;01/08/2014;Ellie Chapman;Leverkusen;Germany;Central;Home Office;03/08/2014;Economy Plus;North Rhine-Westphalia;7,0192196;51,0459248
AZ-2011-882043;02/08/2014;Leroy Samson;Cestas;France;Central;Home Office;06/08/2014;Economy;Aquitaine-Limousin-Poitou-Charentes;-0,684355;44,741163
AZ-2011-7833524;03/08/2014;Mike Langer;Huddersfield;United Kingdom;North;Corporate;07/08/2014;Economy;England;-1,785035;53,645792
AZ-2011-65889;03/08/2014;Hollie Morris;Limoges;France;Central;Corporate;07/08/2014;Economy;Aquitaine-Limousin-Poitou-Charentes;1,261105;45,833619
AZ-2011-2148580;03/08/2014;Demi Power;Passau;Germany;Central;Consumer;06/08/2014;Economy Plus;Bavaria;13,4319466;48,5667364
AZ-2011-1536006;03/08/2014;Norma McCowan;Biarritz;France;Central;Consumer;08/08/2014;Economy;Aquitaine-Limousin-Poitou-Charentes;-1,558626;43,4831519
BN-2011-3572647;03/08/2014;Eve Spencer;Berlin;Germany;Central;Consumer;05/08/2014;Economy Plus;Berlin;13,404954;52,5200066
AZ-2011-8761469;04/08/2014;Erick Tanner;Aix-en-Provence;France;Central;Corporate;06/08/2014;Economy Plus;Provence-Alpes-Côte d'Azur;5,447427;43,529742
AZ-2011-8748429;04/08/2014;Noah Chamberlain;Ashford;United Kingdom;North;Consumer;10/08/2014;Economy;England;0,875019;51,1464659
AZ-2011-7007630;04/08/2014;Eden Kern;Kiel;Germany;Central;Consumer;09/08/2014;Economy Plus;Schleswig-Holstein;10,1227652;54,3232927
AZ-2011-5097391;05/08/2014;Nancy Fike;Basel;Switzerland;Central;Consumer;10/08/2014;Economy Plus;Basel-Stadt;7,5885761;47,5595986
AZ-2011-8072611;05/08/2014;Aaron Cunningham;Innsbruck;Austria;Central;Consumer;09/08/2014;Economy;Tyrol;11,4041024;47,2692124
AZ-2011-6288321;05/08/2014;Eden Kern;Cologne;Germany;Central;Consumer;08/08/2014;Priority;North Rhine-Westphalia;6,9602786;50,937531
BN-2011-4396152;05/08/2014;Jodie Mellor;Dordrecht;Netherlands;Central;Consumer;12/08/2014;Economy;South Holland;4,6900929;51,8132979
AZ-2011-4764378;06/08/2014;Lauren Knight;Belfort;France;Central;Consumer;10/08/2014;Economy;Bourgogne-Franche-Comté;6,863849;47,639674
AZ-2011-130330;07/08/2014;Joseph Locke;Vienna;Austria;Central;Corporate;10/08/2014;Priority;Vienna;16,3738189;48,2081743
AZ-2011-3117259;08/08/2014;Kiera Chandler;Fontenay-aux-Roses;France;Central;Consumer;12/08/2014;Economy Plus;Ile-de-France;2,287181;48,789776
AZ-2011-6535299;08/08/2014;Leo Bannister;Courbevoie;France;Central;Home Office;14/08/2014;Economy;Ile-de-France;2,25929;48,900552
AZ-2011-7868957;09/08/2014;Laura Akhtar;Ajaccio;France;Central;Consumer;12/08/2014;Priority;Corsica;8,738635;41,919229
AZ-2011-3223139;09/08/2014;Anna Moreton;Paris;France;Central;Corporate;10/08/2014;Priority;Ile-de-France;2,3522219;48,856614
AZ-2011-3182961;09/08/2014;Norma McCowan;Augsburg;Germany;Central;Consumer;11/08/2014;Priority;Bavaria;10,89779;48,3705449
AZ-2011-3674097;09/08/2014;Tom Charlton;Harrow;United Kingdom;North;Corporate;15/08/2014;Economy;England;-0,341995;51,580559
AZ-2011-5517169;09/08/2014;Andrew Shah;Arnsberg;Germany;Central;Home Office;14/08/2014;Economy Plus;North Rhine-Westphalia;8,052771;51,4073375
AZ-2011-1916555;09/08/2014;Terence Welch;Altamura;Italy;South;Consumer;12/08/2014;Priority;Apulia;16,5527874;40,8253924
AZ-2011-3227418;09/08/2014;Kiara Allen;Frankfurt;Germany;Central;Consumer;13/08/2014;Economy;Hesse;8,6821267;50,1109221
AZ-2011-5482172;09/08/2014;Tina Brantley;Vallauris;France;Central;Home Office;13/08/2014;Economy;Provence-Alpes-Côte d'Azur;7,055041;43,577244
AZ-2011-4802355;09/08/2014;Alana Tyson;Valencia;Spain;South;Home Office;13/08/2014;Economy;Valenciana;-0,3762881;39,4699075
AZ-2011-1499597;10/08/2014;Eloise Mahmood;Trento;Italy;South;Corporate;12/08/2014;Economy Plus;Trentino-Alto Adige;11,1217486;46,0747793
AZ-2011-5059692;10/08/2014;Natasha Sykes;London;United Kingdom;North;Consumer;17/08/2014;Economy;England;-0,1277583;51,5073509
AZ-2011-5707449;11/08/2014;Oliver Stephenson;Parma;Italy;South;Consumer;16/08/2014;Economy;Emilia-Romagna;10,3279036;44,801485
AZ-2011-6919505;11/08/2014;Eva Sanderson;Wiesbaden;Germany;Central;Consumer;13/08/2014;Priority;Hesse;8,2397608;50,0782184
AZ-2011-5526022;11/08/2014;Max Baker;Halle;Germany;Central;Home Office;16/08/2014;Economy Plus;Saxony-Anhalt;11,9688029;51,4969802
AZ-2011-2273790;11/08/2014;Leah Barrett;Bologna;Italy;South;Consumer;13/08/2014;Priority;Emilia-Romagna;11,3426163;44,494887
AZ-2011-2750871;12/08/2014;James Fleming;Vienna;Austria;Central;Corporate;17/08/2014;Economy;Vienna;16,3738189;48,2081743
AZ-2011-8338326;12/08/2014;Robert Ramsey;Sunderland;United Kingdom;North;Consumer;19/08/2014;Economy;England;-1,383801;54,906869
AZ-2011-8207490;12/08/2014;Ellie Chapman;Tarragona;Spain;South;Home Office;15/08/2014;Priority;Catalonia;1,2444909;41,1188827
AZ-2011-7845997;12/08/2014;Spencer Wallis;London;United Kingdom;North;Consumer;15/08/2014;Priority;England;-0,1277583;51,5073509
BN-2011-377186;12/08/2014;Georgia Bermingham;Como;Italy;South;Home Office;18/08/2014;Economy;Lombardy;9,0851765;45,8080597
AZ-2011-7944653;15/08/2014;Isabelle Macghey;Hamburg;Germany;Central;Consumer;21/08/2014;Economy;Hamburg;9,9936818;53,5510846
AZ-2011-1902971;15/08/2014;Hayden Perkins;Bolton;United Kingdom;North;Consumer;15/08/2014;Immediate;England;-2,4282192;53,5768647
AZ-2011-9715464;15/08/2014;Lilly Akhtar;Manchester;United Kingdom;North;Home Office;15/08/2014;Immediate;England;-2,2426305;53,4807593
AZ-2011-7732849;15/08/2014;Darcy Farnell;Treviso;Italy;South;Consumer;17/08/2014;Economy Plus;Veneto;12,2430437;45,6668893
AZ-2011-921935;15/08/2014;Brandon Preston;Schwerin;Germany;Central;Consumer;17/08/2014;Economy Plus;Mecklenburg-Vorpommern;11,4012499;53,6355022
AZ-2011-9316144;15/08/2014;Melissa Bean;Norwich;United Kingdom;North;Home Office;16/08/2014;Priority;England;1,297355;52,6308859
AZ-2011-7213826;16/08/2014;Molly Palmer;Harrogate;United Kingdom;North;Corporate;21/08/2014;Economy;England;-1,541812;53,99212
AZ-2011-9357982;16/08/2014;Rory Gunson;Cologne;Germany;Central;Consumer;20/08/2014;Economy;North Rhine-Westphalia;6,9602786;50,937531
AZ-2011-9172584;16/08/2014;Kai Wicks;Sant Boi de Llobregat;Spain;South;Corporate;17/08/2014;Priority;Catalonia;2,035041;41,3458415
AZ-2011-8275005;16/08/2014;Cerys Edwards;Berlin;Germany;Central;Consumer;21/08/2014;Economy;Berlin;13,404954;52,5200066
AZ-2011-2851167;17/08/2014;Ruby Blomfield;Madrid;Spain;South;Consumer;21/08/2014;Economy;Madrid;-3,7037902;40,4167754
BN-2011-2476139;17/08/2014;Lola Hughes;Arnhem;Netherlands;Central;Consumer;22/08/2014;Economy;Gelderland;5,8987296;51,9851034
AZ-2011-2369759;18/08/2014;Rory Jess;London;United Kingdom;North;Home Office;20/08/2014;Economy Plus;England;-0,1277583;51,5073509
AZ-2011-5965584;18/08/2014;Rose Heap;Cergy;France;Central;Consumer;23/08/2014;Economy;Ile-de-France;2,060325;49,035617
AZ-2011-7873401;18/08/2014;Claire Harrington;Cologne;Germany;Central;Home Office;20/08/2014;Economy Plus;North Rhine-Westphalia;6,9602786;50,937531
BN-2011-74934;18/08/2014;Isabelle Norton;Apeldoorn;Netherlands;Central;Consumer;22/08/2014;Economy;Gelderland;5,9699231;52,211157
BN-2011-1246931;18/08/2014;Ryan Ackland;London;United Kingdom;North;Consumer;22/08/2014;Economy;England;-0,1277583;51,5073509
AZ-2011-8032051;19/08/2014;Lisa Boyette;Madrid;Spain;South;Corporate;22/08/2014;Economy Plus;Madrid;-3,7037902;40,4167754
AZ-2011-145488;21/08/2014;Georgina Garner;Noisy-le-Grand;France;Central;Consumer;21/08/2014;Immediate;Ile-de-France;2,55261;48,848579
AZ-2011-6634822;21/08/2014;Isabella Secombe;Madrid;Spain;South;Consumer;21/08/2014;Immediate;Madrid;-3,7037902;40,4167754
BN-2011-980083;21/08/2014;Alexandra Whitehouse;Lausanne;Switzerland;Central;Consumer;26/08/2014;Economy;Vaud;6,6322734;46,5196535
AZ-2011-1645475;22/08/2014;Millie Franklin;Bristol;United Kingdom;North;Consumer;24/08/2014;Economy Plus;England;-2,58791;51,454513
AZ-2011-8007862;23/08/2014;Millie Arnold;Lille;France;Central;Consumer;27/08/2014;Economy;Nord-Pas-de-Calais-Picardie;3,057256;50,62925
AZ-2011-9167855;23/08/2014;Patricia Epps;London;United Kingdom;North;Corporate;30/08/2014;Economy;England;-0,1277583;51,5073509
AZ-2011-5471262;23/08/2014;Toby Williamson;Saint-Avold;France;Central;Home Office;28/08/2014;Economy Plus;Alsace-Champagne-Ardenne-Lorraine;6,705793;49,104408
BN-2011-2986565;23/08/2014;Harry Josephson;Breda;Netherlands;Central;Consumer;29/08/2014;Economy;North Brabant;4,768323;51,5719149
AZ-2011-7181024;24/08/2014;Ethan Howarth;Montpellier;France;Central;Consumer;29/08/2014;Economy;Languedoc-Roussillon-Midi-Pyrénées;3,876716;43,610769
AZ-2011-2748688;24/08/2014;Francesca Bowen;High Wycombe;United Kingdom;North;Consumer;28/08/2014;Economy;England;-0,748229;51,628611
BN-2011-251096;24/08/2014;Abby Muramats;Lucca;Italy;South;Consumer;24/08/2014;Immediate;Tuscany;10,4950609;43,8376211
BN-2011-7963759;24/08/2014;Anna Kelly;Turin;Italy;South;Corporate;28/08/2014;Economy;Piedmont;7,6868565;45,070312
AZ-2011-2847355;25/08/2014;Gemma Curlewis;Baden-Baden;Germany;Central;Corporate;25/08/2014;Immediate;Baden-Württemberg;8,2285242;48,76564
AZ-2011-5040391;25/08/2014;Angelina Hurst;Menton;France;Central;Consumer;29/08/2014;Economy;Provence-Alpes-Côte d'Azur;7,49754;43,774481
AZ-2011-2536125;25/08/2014;Phoebe Baines;Crotone;Italy;South;Home Office;30/08/2014;Economy;Calabria;17,1271102;39,0807932
AZ-2011-2223205;25/08/2014;Madison Rowley;Vertou;France;Central;Consumer;25/08/2014;Immediate;Pays de la Loire;-1,473378;47,168194
AZ-2011-3535148;25/08/2014;Georgina Arnold;Paisley;United Kingdom;North;Corporate;29/08/2014;Economy;Scotland;-4,440114;55,847258
BN-2011-1973226;25/08/2014;Eve Spencer;The Hague;Netherlands;Central;Consumer;28/08/2014;Priority;South Holland;4,3006999;52,0704978
AZ-2011-4704797;26/08/2014;Robert Quick;Vigo;Spain;South;Consumer;30/08/2014;Economy;Galicia;-8,7207268;42,2405989
AZ-2011-3930237;26/08/2014;Mark Westfall;Rochdale;United Kingdom;North;Consumer;30/08/2014;Economy Plus;England;-2,1561;53,6097136
AZ-2011-7404693;26/08/2014;Robert Quick;Roubaix;France;Central;Consumer;30/08/2014;Economy Plus;Nord-Pas-de-Calais-Picardie;3,177847;50,6927049
AZ-2011-512368;26/08/2014;Karon Shah;Stuttgart;Germany;Central;Corporate;30/08/2014;Economy;Baden-Württemberg;9,1829321;48,7758459
AZ-2011-8709949;26/08/2014;Hudson Ordell;Taverny;France;Central;Corporate;27/08/2014;Immediate;Ile-de-France;2,223507;49,027441
AZ-2011-6296214;27/08/2014;Michael Halcomb;Helsinki;Finland;North;Corporate;03/09/2014;Economy;Uusimaa;24,938379;60,1698557
AZ-2011-3213049;27/08/2014;Gracie Hunter;Brindisi;Italy;South;Consumer;29/08/2014;Economy Plus;Apulia;17,9417616;40,6327278
AZ-2011-8164175;27/08/2014;Gemma Curlewis;Hamburg;Germany;Central;Corporate;02/09/2014;Economy;Hamburg;9,9936818;53,5510846
AZ-2011-1322840;27/08/2014;Alexandra Whitehouse;Palermo;Italy;South;Consumer;02/09/2014;Economy;Sicily;13,3612671;38,1156879
BN-2011-7569474;29/08/2014;Esther Henderson;Emmen;Netherlands;Central;Consumer;31/08/2014;Priority;Drenthe;6,8975851;52,7858037
BN-2011-4950607;29/08/2014;Ronald Everson;Dublin;Ireland;North;Corporate;30/08/2014;Priority;Dublin;-6,2603097;53,3498053
AZ-2011-9722198;30/08/2014;Evan Allen;Chester;United Kingdom;North;Corporate;03/09/2014;Economy;England;-2,893075;53,193392
AZ-2011-3937280;30/08/2014;Aaron Bootman;Vicenza;Italy;South;Consumer;01/09/2014;Economy Plus;Veneto;11,5354214;45,5454787
BN-2011-8431343;30/08/2014;Terence Welch;Vallauris;France;Central;Consumer;05/09/2014;Economy;Provence-Alpes-Côte d'Azur;7,055041;43,577244
BN-2011-2113749;30/08/2014;Elise Ali;Dublin;Ireland;North;Home Office;06/09/2014;Economy;Dublin;-6,2603097;53,3498053
AZ-2011-5263190;31/08/2014;Gracie Hunter;Wuppertal;Germany;Central;Consumer;04/09/2014;Economy;North Rhine-Westphalia;7,1507636;51,2562128
AZ-2011-8906544;31/08/2014;Mary Wilson;Herne;Germany;Central;Consumer;05/09/2014;Economy;North Rhine-Westphalia;7,2009147;51,5368948
AZ-2011-8361446;01/09/2014;Libby McDonald;High Wycombe;United Kingdom;North;Home Office;04/09/2014;Priority;England;-0,748229;51,628611
BN-2011-4718947;01/09/2014;Georgia Arundale;Drammen;Norway;North;Corporate;04/09/2014;Priority;Buskerud;10,2044564;59,7440738
BN-2011-6588034;01/09/2014;Michael Myers;Jena;Germany;Central;Home Office;05/09/2014;Economy;Thuringia;11,5892372;50,927054
AZ-2011-1229073;02/09/2014;Isaac David;Friedrichshafen;Germany;Central;Corporate;02/09/2014;Immediate;Baden-Württemberg;9,4800113;47,6617648
AZ-2011-5608865;02/09/2014;Demi Hodgson;Vienna;Austria;Central;Consumer;04/09/2014;Priority;Vienna;16,3738189;48,2081743
AZ-2011-2787690;02/09/2014;Stacy Cummings;Wattrelos;France;Central;Consumer;06/09/2014;Economy;Nord-Pas-de-Calais-Picardie;3,215007;50,701174
AZ-2011-9995644;03/09/2014;Ethan Cover;Oslo;Norway;North;Home Office;08/09/2014;Economy;Oslo;10,7522454;59,9138688
BN-2011-7176889;03/09/2014;Evie Flockhart;Gothenburg;Sweden;North;Consumer;07/09/2014;Economy;Västra Götaland;11,97456;57,70887
AZ-2011-734782;05/09/2014;Lauren Knight;Orsay;France;Central;Consumer;11/09/2014;Economy;Ile-de-France;2,189617;48,697161
AZ-2011-897579;06/09/2014;Ruby Nicholls;Dreux;France;Central;Corporate;10/09/2014;Economy;Centre-Val de Loire;1,370889;48,736134
AZ-2011-1331897;06/09/2014;Joel Peters;Reggio nell'Emilia;Italy;South;Home Office;10/09/2014;Economy;Emilia-Romagna;10,6296859;44,6989932
AZ-2011-5265175;06/09/2014;Ryan Price;Dudley;United Kingdom;North;Consumer;11/09/2014;Economy;England;-2,081112;52,512255
BN-2011-4861178;06/09/2014;Ryan Greenwood;Amsterdam;Netherlands;Central;Consumer;10/09/2014;Economy;North Holland;4,8951679;52,3702157
AZ-2011-9146320;07/09/2014;Mary Parker;Salamanca;Spain;South;Corporate;07/09/2014;Immediate;Castile and León;-5,6635397;40,9701039
AZ-2011-1445249;08/09/2014;Lincoln Want;Bordeaux;France;Central;Consumer;08/09/2014;Immediate;Aquitaine-Limousin-Poitou-Charentes;-0,57918;44,837789
AZ-2011-5437243;08/09/2014;Gary Crume;Oberhausen;Germany;Central;Consumer;09/09/2014;Priority;North Rhine-Westphalia;6,8637765;51,4963341
AZ-2011-5313166;08/09/2014;Alexander Bond;Lugo;Spain;South;Corporate;11/09/2014;Economy Plus;Galicia;-7,5567582;43,0097384
AZ-2011-8408139;08/09/2014;Ashton Foley;Neuilly-sur-Seine;France;Central;Consumer;14/09/2014;Economy;Ile-de-France;2,26851;48,884831
AZ-2011-3755505;09/09/2014;Jeremy Pilcher;Innsbruck;Austria;Central;Corporate;16/09/2014;Economy;Tyrol;11,4041024;47,2692124
AZ-2011-5721905;09/09/2014;Lilly Le Grand;Rome;Italy;South;Home Office;16/09/2014;Economy;Lazio;12,4963655;41,9027835
AZ-2011-1137571;10/09/2014;Cerys Edwards;Offenbach;Germany;Central;Consumer;12/09/2014;Economy Plus;Hesse;8,7760843;50,0956362
AZ-2011-1868249;12/09/2014;Leah Marsh;Alicante;Spain;South;Corporate;16/09/2014;Economy;Valenciana;-0,4906855;38,3459963
BN-2011-2505496;12/09/2014;Geraldine Mizelle;Dublin;Ireland;North;Corporate;16/09/2014;Economy Plus;Dublin;-6,2603097;53,3498053
BN-2011-3405497;12/09/2014;Georgina Arnold;Breda;Netherlands;Central;Corporate;15/09/2014;Priority;North Brabant;4,768323;51,5719149
AZ-2011-9883921;13/09/2014;William Horton;Frankfurt;Germany;Central;Consumer;17/09/2014;Economy;Hesse;8,6821267;50,1109221
AZ-2011-4951642;13/09/2014;Terence Welch;Brindisi;Italy;South;Consumer;13/09/2014;Immediate;Apulia;17,9417616;40,6327278
AZ-2011-8227978;14/09/2014;Anna Kelly;Northampton;United Kingdom;North;Corporate;19/09/2014;Economy;England;-0,902656;52,240477
AZ-2011-1484679;14/09/2014;Jay Andrews;Darlington;United Kingdom;North;Consumer;19/09/2014;Economy Plus;England;-1,559458;54,52361
AZ-2011-257509;14/09/2014;Jason Martinez;Strasbourg;France;Central;Corporate;21/09/2014;Economy;Alsace-Champagne-Ardenne-Lorraine;7,7521113;48,5734053
AZ-2011-8465032;14/09/2014;Tahlia Murnin;Worcester;United Kingdom;North;Consumer;14/09/2014;Immediate;England;-2,221575;52,193636
AZ-2011-1279238;14/09/2014;Natasha Sykes;Esbjerg;Denmark;North;Consumer;19/09/2014;Economy;South Denmark;8,459405;55,476466
AZ-2011-7694862;14/09/2014;Patricia Smith;Zwickau;Germany;Central;Corporate;21/09/2014;Economy;Saxony;12,4733725;50,7102169
BN-2011-2762940;14/09/2014;Mia Pugh;Aulnay-sous-Bois;France;Central;Consumer;18/09/2014;Economy;Ile-de-France;2,4970711;48,9412151
AZ-2011-1087704;15/09/2014;Elijah Ruatoka;Karlsruhe;Germany;Central;Home Office;19/09/2014;Economy;Baden-Württemberg;8,4036527;49,0068901
AZ-2011-578089;15/09/2014;Tyson Jonathan;Madrid;Spain;South;Consumer;22/09/2014;Economy;Madrid;-3,7037902;40,4167754
AZ-2011-6765105;15/09/2014;Mike Obrien;Valencia;Spain;South;Consumer;19/09/2014;Economy;Valenciana;-0,3762881;39,4699075
BN-2011-801002;15/09/2014;Aaron Cunningham;Dublin;Ireland;North;Consumer;15/09/2014;Immediate;Dublin;-6,2603097;53,3498053
BN-2011-6498909;15/09/2014;John Town;Loughborough;United Kingdom;North;Consumer;22/09/2014;Economy;England;-1,206166;52,772099
BN-2011-4029264;15/09/2014;Hubert Lindahl;Gera;Germany;Central;Corporate;20/09/2014;Economy;Thuringia;12,0807203;50,8850706
AZ-2011-5376119;16/09/2014;Mary Saterfiel;Woking;United Kingdom;North;Consumer;20/09/2014;Economy;England;-0,5600349;51,316774
AZ-2011-9164512;16/09/2014;Ashton Morey;Amsterdam;Netherlands;Central;Consumer;18/09/2014;Economy Plus;North Holland;4,8951679;52,3702157
AZ-2011-3810756;16/09/2014;Ginger Owens;Rostock;Germany;Central;Consumer;20/09/2014;Economy;Mecklenburg-Vorpommern;12,0991466;54,0924406
AZ-2011-259939;16/09/2014;Dennis Conaway;Bonn;Germany;Central;Consumer;20/09/2014;Economy;North Rhine-Westphalia;7,0982068;50,73743
AZ-2011-7534020;17/09/2014;Maya O'Sullivan;Vignola;Italy;South;Corporate;23/09/2014;Economy;Emilia-Romagna;11,0131217;44,4835861
AZ-2011-4818219;17/09/2014;Alannah Langridge;Castrop-Rauxel;Germany;Central;Consumer;22/09/2014;Economy;North Rhine-Westphalia;7,3150145;51,5632625
AZ-2011-839331;18/09/2014;Angelina Beeton;Dudley;United Kingdom;North;Consumer;22/09/2014;Economy;England;-2,081112;52,512255
AZ-2011-176674;19/09/2014;Abby Colebe;Poissy;France;Central;Consumer;21/09/2014;Priority;Ile-de-France;2,046982;48,929584
AZ-2011-7159051;19/09/2014;Daryl Claypool;Ludwigshafen am Rhein;Germany;Central;Corporate;24/09/2014;Economy;Rhineland-Palatinate;8,44518;49,47741
AZ-2011-9992253;19/09/2014;Ralph Holmes;Blackburn;United Kingdom;North;Consumer;26/09/2014;Economy;England;-2,487529;53,748575
AZ-2011-3127133;19/09/2014;Hershel Snyder;Murcia;Spain;South;Corporate;23/09/2014;Economy;Murcia;-1,1306544;37,9922399
AZ-2011-3004709;19/09/2014;Ethan Barrett;Perpignan;France;Central;Consumer;23/09/2014;Economy;Languedoc-Roussillon-Midi-Pyrénées;2,8948332;42,6886591
BN-2011-1950255;19/09/2014;Aaron Macrossan;Cumbernauld;United Kingdom;North;Home Office;24/09/2014;Economy;Scotland;-3,992534;55,945668
AZ-2011-2523831;20/09/2014;Holly Doyle;Wuppertal;Germany;Central;Consumer;22/09/2014;Economy Plus;North Rhine-Westphalia;7,1507636;51,2562128
AZ-2011-5113507;20/09/2014;Gilbert Montgomery;Bochum;Germany;Central;Consumer;22/09/2014;Economy Plus;North Rhine-Westphalia;7,2162363;51,4818445
AZ-2011-5492852;20/09/2014;Spencer Calvert;Plymouth;United Kingdom;North;Corporate;22/09/2014;Priority;England;-4,1426565;50,3754565
AZ-2011-7643452;20/09/2014;Zachary Disher;Colchester;United Kingdom;North;Consumer;20/09/2014;Immediate;England;0,891874;51,895927
AZ-2011-2459767;20/09/2014;George To Rot;Catania;Italy;South;Corporate;25/09/2014;Economy;Sicily;15,0830304;37,5078772
AZ-2011-3828424;20/09/2014;Viola Watson;Leeds;United Kingdom;North;Consumer;24/09/2014;Economy;England;-1,5490774;53,8007554
AZ-2011-2202582;20/09/2014;Noah Hart;Drancy;France;Central;Consumer;23/09/2014;Economy Plus;Ile-de-France;2,445676;48,924298
AZ-2011-3640757;21/09/2014;Milla Hollinworth;Bolzano;Italy;South;Corporate;23/09/2014;Priority;Trentino-Alto Adige;11,3547582;46,4982953
BN-2011-3102464;21/09/2014;Lily Tyler;La Baule-Escoublac;France;Central;Home Office;23/09/2014;Economy Plus;Pays de la Loire;-2,3913777;47,2869183
AZ-2011-2669941;22/09/2014;Edward Zwar;York;United Kingdom;North;Consumer;26/09/2014;Economy;England;-1,0872979;53,9599651
AZ-2011-2859436;22/09/2014;Aaron Davey;Munich;Germany;Central;Consumer;29/09/2014;Economy;Bavaria;11,5819806;48,1351253
AZ-2011-3958316;22/09/2014;Xavier Martindale;Cologne;Germany;Central;Consumer;27/09/2014;Economy;North Rhine-Westphalia;6,9602786;50,937531
AZ-2011-666847;22/09/2014;Paul Cleary;Paris;France;Central;Corporate;26/09/2014;Economy;Ile-de-France;2,3522219;48,856614
AZ-2011-8078797;22/09/2014;Ngoc Orozco;Molfetta;Italy;South;Home Office;22/09/2014;Immediate;Apulia;16,5987187;41,2027767
AZ-2011-5170408;23/09/2014;Lucas Warren;Krefeld;Germany;Central;Consumer;28/09/2014;Economy Plus;North Rhine-Westphalia;6,5853417;51,3387609
AZ-2011-1776203;23/09/2014;Lily Dallachy;Verdun;France;Central;Corporate;25/09/2014;Economy Plus;Alsace-Champagne-Ardenne-Lorraine;5,3844231;49,1598764
AZ-2011-9137114;23/09/2014;Jake Barry;Magdeburg;Germany;Central;Home Office;29/09/2014;Economy;Saxony-Anhalt;11,6276237;52,1205333
BN-2011-8011625;23/09/2014;Audrey Knowles;Berlin;Germany;Central;Consumer;25/09/2014;Priority;Berlin;13,404954;52,5200066
BN-2011-5999704;23/09/2014;Alexandra Portus;Gothenburg;Sweden;North;Corporate;29/09/2014;Economy;Västra Götaland;11,97456;57,70887
AZ-2011-5981422;24/09/2014;Alannah Callaway;Birkenhead;United Kingdom;North;Consumer;27/09/2014;Priority;England;-3,023009;53,389991
AZ-2011-3081666;24/09/2014;Isabella Falkiner;Mannheim;Germany;Central;Corporate;27/09/2014;Priority;Baden-Württemberg;8,4660395;49,4874592
AZ-2011-8385833;26/09/2014;Joseph Wright;Beauvais;France;Central;Home Office;30/09/2014;Economy;Nord-Pas-de-Calais-Picardie;2,0807123;49,4295387
AZ-2011-9846690;26/09/2014;Eve Spencer;Duisburg;Germany;Central;Consumer;01/10/2014;Economy;North Rhine-Westphalia;6,7623293;51,4344079
BN-2011-7685910;26/09/2014;Bradley Howell;Wiesbaden;Germany;Central;Corporate;01/10/2014;Economy;Hesse;8,2397608;50,0782184
BN-2011-9556882;26/09/2014;Isabelle Radcliffe;Arras;France;Central;Corporate;02/10/2014;Economy;Nord-Pas-de-Calais-Picardie;2,777535;50,291002
AZ-2011-7123116;27/09/2014;Madison Chadwick;Littlehampton;United Kingdom;North;Consumer;01/10/2014;Economy;England;-0,5386609;50,811057
AZ-2011-2571428;27/09/2014;Jack Brier;Berlin;Germany;Central;Consumer;01/10/2014;Economy;Berlin;13,404954;52,5200066
AZ-2011-3149617;27/09/2014;David Harney;Saint-Malo;France;Central;Corporate;29/09/2014;Priority;Brittany;-2,025674;48,649337
AZ-2011-3101381;27/09/2014;Devin Huddleston;Cagliari;Italy;South;Consumer;01/10/2014;Economy;Sardinia;9,1216613;39,2238411
AZ-2011-8378099;27/09/2014;Juan Smith;Newcastle upon Tyne;United Kingdom;North;Consumer;02/10/2014;Economy;England;-1,61778;54,978252
BN-2011-2579878;27/09/2014;Jason Martinez;Dijon;France;Central;Corporate;03/10/2014;Economy;Bourgogne-Franche-Comté;5,04148;47,322047
BN-2011-188092;27/09/2014;Peter Daly;Carrara;Italy;South;Consumer;04/10/2014;Economy;Tuscany;10,097677;44,0793245
AZ-2011-4234441;28/09/2014;Jean Crowley;Graz;Austria;Central;Corporate;30/09/2014;Economy Plus;Styria;15,439504;47,070714
AZ-2011-3982438;28/09/2014;Spencer Calvert;Quimper;France;Central;Corporate;02/10/2014;Economy;Brittany;-4,097899;47,997542
AZ-2011-7671743;28/09/2014;Christy Wiley;Cologne;Germany;Central;Consumer;30/09/2014;Economy Plus;North Rhine-Westphalia;6,9602786;50,937531
AZ-2011-5023465;28/09/2014;Samuel Hardey;Valencia;Spain;South;Home Office;30/09/2014;Economy Plus;Valenciana;-0,3762881;39,4699075
AZ-2011-3998709;28/09/2014;Chloe O'Dea;Gloucester;United Kingdom;North;Consumer;03/10/2014;Economy;England;-2,238156;51,8642449
AZ-2011-6026153;28/09/2014;Abbie Perry;Massa;Italy;South;Consumer;03/10/2014;Economy;Tuscany;10,1393221;44,0354437
AZ-2011-3858939;29/09/2014;Julian Mack;Courbevoie;France;Central;Consumer;05/10/2014;Economy;Ile-de-France;2,25929;48,900552
AZ-2011-9451747;29/09/2014;Casey Forte;Duisburg;Germany;Central;Consumer;04/10/2014;Economy;North Rhine-Westphalia;6,7623293;51,4344079
AZ-2011-5582578;29/09/2014;Ali Mander-Jones;Dos Hermanas;Spain;South;Home Office;05/10/2014;Economy;Andalusía;-5,9242391;37,2865803
AZ-2011-7921819;30/09/2014;Archer Hort;Toulouse;France;Central;Consumer;04/10/2014;Economy;Languedoc-Roussillon-Midi-Pyrénées;1,444209;43,604652
AZ-2011-2445910;30/09/2014;Susan Williams;Pescara;Italy;South;Home Office;04/10/2014;Economy;Abruzzi;14,2160898;42,4617902
AZ-2011-5942639;30/09/2014;Michael Watkins;Wuppertal;Germany;Central;Home Office;30/09/2014;Immediate;North Rhine-Westphalia;7,1507636;51,2562128
AZ-2011-6274862;30/09/2014;Jason Roger;Langenhagen;Germany;Central;Corporate;03/10/2014;Priority;Lower Saxony;9,7443992;52,4528001
BN-2011-5132700;03/10/2014;Walter Aguilar;Novara;Italy;South;Consumer;09/10/2014;Economy;Piedmont;8,6221612;45,44693
AZ-2011-2730322;04/10/2014;Mark Washington;Montreuil;France;Central;Home Office;11/10/2014;Economy;Ile-de-France;2,448451;48,863812
AZ-2011-3999419;06/10/2014;Nathan Clayton;Berlin;Germany;Central;Consumer;12/10/2014;Economy;Berlin;13,404954;52,5200066
AZ-2011-8864835;07/10/2014;Noah Chamberlain;Stockton-on-Tees;United Kingdom;North;Consumer;08/10/2014;Priority;England;-1,3289821;54,5704551
AZ-2011-3706904;08/10/2014;Hayley Swanston;Hamburg;Germany;Central;Home Office;12/10/2014;Economy;Hamburg;9,9936818;53,5510846
BN-2011-1778575;08/10/2014;Daniel Burke;Stockholm;Sweden;North;Home Office;11/10/2014;Economy Plus;Stockholm;18,0685808;59,3293235
AZ-2011-3120181;10/10/2014;Daniel Hamilton;Recklinghausen;Germany;Central;Home Office;16/10/2014;Economy;North Rhine-Westphalia;7,1979453;51,6140649
AZ-2011-8232296;10/10/2014;Kayleigh Summers;Troisdorf;Germany;Central;Consumer;13/10/2014;Priority;North Rhine-Westphalia;7,1430246;50,8177471
AZ-2011-8069544;10/10/2014;Maddison Newman;Linz;Austria;Central;Corporate;12/10/2014;Priority;Upper Austria;14,28583;48,30694
AZ-2011-1735855;11/10/2014;Sebastian Barber;Waterlooville;United Kingdom;North;Home Office;16/10/2014;Economy;England;-1,028751;50,890312
AZ-2011-9710351;11/10/2014;Demi Power;Frontignan;France;Central;Consumer;11/10/2014;Immediate;Languedoc-Roussillon-Midi-Pyrénées;3,755999;43,444815
AZ-2011-5060005;11/10/2014;Gary Crume;Hanover;Germany;Central;Consumer;14/10/2014;Priority;Lower Saxony;9,7320104;52,3758916
AZ-2011-9620626;12/10/2014;Toby Williamson;Madrid;Spain;South;Home Office;12/10/2014;Immediate;Madrid;-3,7037902;40,4167754
BN-2011-1490837;12/10/2014;Will Poynton;Trier;Germany;Central;Consumer;16/10/2014;Economy;Rhineland-Palatinate;6,6371433;49,749992
AZ-2011-8967076;13/10/2014;Betty Reynolds;Hamburg;Germany;Central;Corporate;13/10/2014;Immediate;Hamburg;9,9936818;53,5510846
BN-2011-7314925;13/10/2014;Daniel Lucas;Rotterdam;Netherlands;Central;Home Office;13/10/2014;Immediate;South Holland;4,4777325;51,9244201
AZ-2011-1890132;14/10/2014;Dennis Conaway;Heilbronn;Germany;Central;Consumer;17/10/2014;Priority;Baden-Württemberg;9,210879;49,1426929
AZ-2011-269617;14/10/2014;Lisa Watkins;Aachen;Germany;Central;Consumer;19/10/2014;Economy;North Rhine-Westphalia;6,0838868;50,7753455
AZ-2011-1475254;17/10/2014;Bradley Howell;Bilbao;Spain;South;Corporate;22/10/2014;Economy Plus;Basque Country;-2,9349852;43,2630126
AZ-2011-1114253;18/10/2014;Amy Pendred;Hamburg;Germany;Central;Consumer;22/10/2014;Economy Plus;Hamburg;9,9936818;53,5510846
AZ-2011-479838;19/10/2014;Sandra Cook;Worcester;United Kingdom;North;Consumer;24/10/2014;Economy;England;-2,221575;52,193636
BN-2011-2093591;19/10/2014;Mary Hough;Helmond;Netherlands;Central;Home Office;23/10/2014;Economy;North Brabant;5,6570096;51,4792547
AZ-2011-2320734;20/10/2014;Charlie Wells;Saint-Ouen;France;Central;Home Office;25/10/2014;Economy;Ile-de-France;2,333764;48,911856
AZ-2011-7589945;20/10/2014;Rebecca Heysen;Vienna;Austria;Central;Corporate;24/10/2014;Economy;Vienna;16,3738189;48,2081743
BN-2011-5624168;20/10/2014;Sandra Cook;Berlin;Germany;Central;Consumer;27/10/2014;Economy;Berlin;13,404954;52,5200066
AZ-2011-9162974;21/10/2014;Edward Martinez;Helsinki;Finland;North;Corporate;27/10/2014;Economy;Uusimaa;24,938379;60,1698557
AZ-2011-8519360;22/10/2014;Taj Knetes;Alfortville;France;Central;Consumer;26/10/2014;Economy;Ile-de-France;2,422317;48,80093
AZ-2011-2001312;22/10/2014;Harriet Chadwick;Preston;United Kingdom;North;Corporate;26/10/2014;Economy;England;-2,70309;53,763201
AZ-2011-3586083;24/10/2014;Elijah Ruatoka;Marseille;France;Central;Home Office;28/10/2014;Economy Plus;Provence-Alpes-Côte d'Azur;5,36978;43,296482
BN-2011-303096;24/10/2014;Sandra Hooks;Ferrara;Italy;South;Corporate;28/10/2014;Economy;Emilia-Romagna;11,619787;44,8381237
AZ-2011-9917214;25/10/2014;Millie Newman;Clermont-Ferrand;France;Central;Consumer;29/10/2014;Economy Plus;Auvergne-Rhône-Alpes;3,087025;45,777222
BN-2011-1885034;25/10/2014;Bethany Hunt;Reims;France;Central;Corporate;27/10/2014;Economy Plus;Alsace-Champagne-Ardenne-Lorraine;4,031696;49,258329
AZ-2011-504913;26/10/2014;Tyson Jonathan;Digne-les-Bains;France;Central;Consumer;31/10/2014;Economy;Provence-Alpes-Côte d'Azur;6,235976;44,092193
AZ-2011-4763989;27/10/2014;Sam Wood;Glasgow;United Kingdom;North;Home Office;02/11/2014;Economy;Scotland;-4,251806;55,864237
BN-2011-8153992;28/10/2014;George Dawson;Berlin;Germany;Central;Home Office;03/11/2014;Economy;Berlin;13,404954;52,5200066
AZ-2011-2141552;31/10/2014;Craig Rayner;Pozzuoli;Italy;South;Consumer;02/11/2014;Priority;Campania;14,0932861;40,8459469
AZ-2011-1754604;31/10/2014;Zachary Warner;Berlin;Germany;Central;Consumer;06/11/2014;Economy;Berlin;13,404954;52,5200066
BN-2011-1815779;31/10/2014;Isabel Turnbull;Zurich;Switzerland;Central;Home Office;04/11/2014;Economy Plus;Zürich;8,541694;47,3768866
AZ-2011-9632713;01/11/2014;Isabelle Vaughan;Castres;France;Central;Consumer;06/11/2014;Economy;Languedoc-Roussillon-Midi-Pyrénées;2,241295;43,606214
AZ-2011-8878816;01/11/2014;Larry Lambert;Messina;Italy;South;Consumer;06/11/2014;Economy;Sicily;15,5540152;38,1938137
AZ-2011-5511380;01/11/2014;Holly Doyle;Magdeburg;Germany;Central;Consumer;05/11/2014;Economy;Saxony-Anhalt;11,6276237;52,1205333
BN-2011-7628560;01/11/2014;Libby Thompson;Slough;United Kingdom;North;Consumer;06/11/2014;Economy Plus;England;-0,5950406;51,5105384
BN-2011-4260093;01/11/2014;Casey Forte;Norderstedt;Germany;Central;Consumer;06/11/2014;Economy;Schleswig-Holstein;10,0008798;53,6993066
AZ-2011-8893613;02/11/2014;Ebony Northcott;Nuremberg;Germany;Central;Consumer;08/11/2014;Economy;Bavaria;11,0796553;49,4254092
AZ-2011-6106265;02/11/2014;Kayleigh Farmer;Palermo;Italy;South;Consumer;06/11/2014;Economy;Sicily;13,3612671;38,1156879
AZ-2011-1445262;02/11/2014;Amy Nixon;Berlin;Germany;Central;Consumer;07/11/2014;Economy;Berlin;13,404954;52,5200066
AZ-2011-3234061;02/11/2014;Gemma Sharp;Ipswich;United Kingdom;North;Corporate;07/11/2014;Economy Plus;England;1,14822;52,056736
AZ-2011-7934727;02/11/2014;Dylan Disney;Hamburg;Germany;Central;Home Office;08/11/2014;Economy;Hamburg;9,9936818;53,5510846
BN-2011-3508590;02/11/2014;Charlie Power;Leipzig;Germany;Central;Home Office;07/11/2014;Economy;Saxony;12,3730747;51,3396955
AZ-2011-3981757;03/11/2014;Riley Douglas;Menden;Germany;Central;Corporate;05/11/2014;Priority;North Rhine-Westphalia;7,7953337;51,4377453
AZ-2011-8898585;03/11/2014;Isabelle Vaughan;Lyon;France;Central;Consumer;07/11/2014;Economy Plus;Auvergne-Rhône-Alpes;4,835659;45,764043
AZ-2011-8427293;03/11/2014;Rita McCann;Murcia;Spain;South;Consumer;05/11/2014;Economy Plus;Murcia;-1,1306544;37,9922399
AZ-2011-9028844;03/11/2014;Leah Marsh;Allauch;France;Central;Corporate;07/11/2014;Economy;Provence-Alpes-Côte d'Azur;5,4825739;43,336148
AZ-2011-3004753;03/11/2014;Ruby Blomfield;Montreuil;France;Central;Consumer;07/11/2014;Economy;Ile-de-France;2,448451;48,863812
AZ-2011-8257474;03/11/2014;Mark Westfall;Pozzuoli;Italy;South;Consumer;08/11/2014;Economy Plus;Campania;14,0932861;40,8459469
AZ-2011-7479897;03/11/2014;Leah Barrett;Hamburg;Germany;Central;Consumer;08/11/2014;Economy;Hamburg;9,9936818;53,5510846
BN-2011-5239456;03/11/2014;Adam Bentley;Erfurt;Germany;Central;Consumer;08/11/2014;Economy;Thuringia;11,0298799;50,9847679
AZ-2011-211681;04/11/2014;Madison Rowley;Wolverhampton;United Kingdom;North;Consumer;09/11/2014;Economy;England;-2,12882;52,586973
AZ-2011-438758;04/11/2014;Denise Harris;Tarragona;Spain;South;Consumer;09/11/2014;Economy Plus;Catalonia;1,2444909;41,1188827
AZ-2011-529480;04/11/2014;Cerys Edwards;Munich;Germany;Central;Consumer;04/11/2014;Immediate;Bavaria;11,5819806;48,1351253
AZ-2011-8648970;04/11/2014;Dylan Dry;Cinisello Balsamo;Italy;South;Consumer;06/11/2014;Economy Plus;Lombardy;9,2143838;45,5583553
AZ-2011-8421926;04/11/2014;Peter Daly;Hildesheim;Germany;Central;Consumer;08/11/2014;Economy;Lower Saxony;9,9579652;52,154778
BN-2011-183687;04/11/2014;Paige Hopley;Birmingham;United Kingdom;North;Consumer;09/11/2014;Economy Plus;England;-1,890401;52,486243
AZ-2011-9431896;05/11/2014;Ashton Charles;Nice;France;Central;Consumer;09/11/2014;Economy Plus;Provence-Alpes-Côte d'Azur;7,2619532;43,7101728
BN-2011-1486107;06/11/2014;Annabelle Heydon;Laval;France;Central;Home Office;08/11/2014;Priority;Pays de la Loire;-0,7669906;48,0785146
AZ-2011-1845681;07/11/2014;Paul Collazo;Hamburg;Germany;Central;Home Office;13/11/2014;Economy;Hamburg;9,9936818;53,5510846
AZ-2011-5592307;07/11/2014;Oscar Serena;Halle;Germany;Central;Consumer;13/11/2014;Economy;North Rhine-Westphalia;11,9688029;51,4969802
AZ-2011-6545414;08/11/2014;Ella Troy;Ercolano;Italy;South;Home Office;12/11/2014;Economy;Campania;14,3481628;40,8079195
AZ-2011-6783792;08/11/2014;Tyson Brookman;Paris;France;Central;Consumer;10/11/2014;Priority;Ile-de-France;2,3522219;48,856614
AZ-2011-5476846;08/11/2014;Ethan Barrett;Longjumeau;France;Central;Consumer;11/11/2014;Economy Plus;Ile-de-France;2,2947615;48,6930642
AZ-2011-3828805;08/11/2014;Juanita Smalls;Herten;Germany;Central;Home Office;12/11/2014;Economy;North Rhine-Westphalia;7,1389575;51,6020534
AZ-2011-816625;08/11/2014;Alexandra Macdonald;Pforzheim;Germany;Central;Corporate;08/11/2014;Immediate;Baden-Württemberg;8,6946286;48,8921862
AZ-2011-4802639;09/11/2014;Thomas Shepherd;Stockport;United Kingdom;North;Corporate;16/11/2014;Economy;England;-2,1575332;53,4106316
AZ-2011-6019271;09/11/2014;Brooke Horton;Paris;France;Central;Consumer;12/11/2014;Economy Plus;Ile-de-France;2,3522219;48,856614
AZ-2011-6223481;10/11/2014;Lucas Warren;Bochum;Germany;Central;Consumer;13/11/2014;Economy Plus;North Rhine-Westphalia;7,2162363;51,4818445
AZ-2011-3903564;10/11/2014;Toby Clunie;Paris;France;Central;Consumer;17/11/2014;Economy;Ile-de-France;2,3522219;48,856614
AZ-2011-1589827;10/11/2014;Angie Massengill;Girona;Spain;South;Consumer;13/11/2014;Priority;Catalonia;2,8214264;41,9794005
AZ-2011-7655744;10/11/2014;David Chadwick;Hamburg;Germany;Central;Corporate;13/11/2014;Priority;Hamburg;9,9936818;53,5510846
BN-2011-6545829;10/11/2014;Imogen Daly;Santander;Spain;South;Consumer;16/11/2014;Economy;Cantabria;-3,8099803;43,4623057
BN-2011-886514;10/11/2014;Michael Watkins;Pulheim;Germany;Central;Home Office;17/11/2014;Economy;North Rhine-Westphalia;6,8076853;50,9995815
BN-2011-3910885;11/11/2014;Nate Dacey;Mougins;France;Central;Consumer;16/11/2014;Economy;Provence-Alpes-Côte d'Azur;7,006491;43,6023319
AZ-2011-4452827;13/11/2014;Jake Barry;Lisieux;France;Central;Home Office;19/11/2014;Economy;Normandy;0,227849;49,145922
AZ-2011-2881763;14/11/2014;Louise Winter;Magdeburg;Germany;Central;Corporate;16/11/2014;Economy Plus;Saxony-Anhalt;11,6276237;52,1205333
BN-2011-6464780;14/11/2014;Nathan Iqbal;Bolton;United Kingdom;North;Consumer;18/11/2014;Economy;England;-2,4282192;53,5768647
AZ-2011-5353512;15/11/2014;Leon Barnes;Helsinki;Finland;North;Consumer;20/11/2014;Economy;Uusimaa;24,938379;60,1698557
AZ-2011-7041508;15/11/2014;Natasha Heane;Rovigo;Italy;South;Home Office;18/11/2014;Priority;Veneto;11,7902158;45,0698118
AZ-2011-8642559;15/11/2014;Archer Hort;Vannes;France;Central;Consumer;18/11/2014;Priority;Brittany;-2,760847;47,658236
AZ-2011-9135395;16/11/2014;Toby Conway;Vienna;Austria;Central;Consumer;18/11/2014;Economy Plus;Vienna;16,3738189;48,2081743
BN-2011-5491702;16/11/2014;Claudia Poore;Stockholm;Sweden;North;Corporate;23/11/2014;Economy;Stockholm;18,0685808;59,3293235
AZ-2011-4072657;17/11/2014;Alexis O'Flaherty;Madrid;Spain;South;Home Office;21/11/2014;Economy;Madrid;-3,7037902;40,4167754
BN-2011-6956959;17/11/2014;Francesca Bowen;London;United Kingdom;North;Consumer;22/11/2014;Economy;England;-0,1277583;51,5073509
BN-2011-2028933;17/11/2014;Leah Marsh;Sheffield;United Kingdom;North;Corporate;22/11/2014;Economy;England;-1,470085;53,381129
AZ-2011-9747665;18/11/2014;Tammy Chamblee;Lille;France;Central;Consumer;22/11/2014;Economy;Nord-Pas-de-Calais-Picardie;3,057256;50,62925
BN-2011-5791319;19/11/2014;Philip Newsom;Bologna;Italy;South;Corporate;21/11/2014;Economy Plus;Emilia-Romagna;11,3426163;44,494887
AZ-2011-6256805;21/11/2014;Zoe Lowin;Antibes;France;Central;Consumer;27/11/2014;Economy;Provence-Alpes-Côte d'Azur;7,125102;43,580418
AZ-2011-7981755;21/11/2014;Faith Chambers;Hattingen;Germany;Central;Consumer;26/11/2014;Economy Plus;North Rhine-Westphalia;7,1911567;51,4018117
BN-2011-2329209;21/11/2014;Tyson Jonathan;Muret;France;Central;Consumer;25/11/2014;Economy;Languedoc-Roussillon-Midi-Pyrénées;1,33071;43,461574
AZ-2011-1967754;22/11/2014;Alta Nokes;Augsburg;Germany;Central;Home Office;29/11/2014;Economy;Bavaria;10,89779;48,3705449
AZ-2011-7962115;22/11/2014;Eva Hargraves;Bremen;Germany;Central;Consumer;24/11/2014;Economy Plus;Bremen;8,8016937;53,0792962
AZ-2011-4495779;22/11/2014;Ramona Hohl;Vienna;Austria;Central;Consumer;27/11/2014;Economy;Vienna;16,3738189;48,2081743
AZ-2011-7225915;22/11/2014;Kieran Herbert;Guildford;United Kingdom;North;Consumer;23/11/2014;Immediate;England;-0,570409;51,23622
BN-2011-191610;22/11/2014;Molly Hawkins;Reims;France;Central;Home Office;29/11/2014;Economy;Alsace-Champagne-Ardenne-Lorraine;4,031696;49,258329
AZ-2011-3378761;23/11/2014;Oscar Serena;Ulm;Germany;Central;Consumer;27/11/2014;Economy;Baden-Württemberg;9,9876076;48,4010822
AZ-2011-2690707;23/11/2014;Rory Martindale;Carcassonne;France;Central;Consumer;29/11/2014;Economy;Languedoc-Roussillon-Midi-Pyrénées;2,353663;43,212161
AZ-2011-2986519;24/11/2014;Kerry Dorsey;Vienna;Austria;Central;Consumer;26/11/2014;Priority;Vienna;16,3738189;48,2081743
AZ-2011-6402982;25/11/2014;Nicole Johns;Fuengirola;Spain;South;Consumer;30/11/2014;Economy;Andalusía;-4,6249439;36,544148
BN-2011-452629;25/11/2014;Peter Daly;Birmingham;United Kingdom;North;Consumer;29/11/2014;Economy;England;-1,890401;52,486243
AZ-2011-5348577;26/11/2014;Thomas Thompson;Florence;Italy;South;Corporate;29/11/2014;Priority;Tuscany;11,2558136;43,7695604
AZ-2011-3963408;26/11/2014;Eva Butler;Velbert;Germany;Central;Corporate;01/12/2014;Economy;North Rhine-Westphalia;7,0426775;51,3370703
BN-2011-7580951;26/11/2014;Charli Rose;Menden;Germany;Central;Consumer;30/11/2014;Economy;North Rhine-Westphalia;7,7953337;51,4377453
AZ-2011-9147201;27/11/2014;Dominic Jordan;Grigny;France;Central;Consumer;01/12/2014;Economy;Ile-de-France;2,385166;48,656473
BN-2011-8382355;27/11/2014;Kyle Beard;Lisbon;Portugal;South;Consumer;28/11/2014;Priority;Lisboa;-9,1393366;38,7222524
AZ-2011-1661180;28/11/2014;Freya Daniels;Milan;Italy;South;Consumer;03/12/2014;Economy Plus;Lombardy;9,1859243;45,4654219
AZ-2011-8345224;28/11/2014;Craig Rayner;Oslo;Norway;North;Consumer;03/12/2014;Economy;Oslo;10,7522454;59,9138688
BN-2011-315660;28/11/2014;Nicholas Watkins;London;United Kingdom;North;Consumer;04/12/2014;Economy;England;-0,1277583;51,5073509
BN-2011-1148567;28/11/2014;Maynard Moorman;Haarlem;Netherlands;Central;Consumer;03/12/2014;Economy Plus;North Holland;4,6462194;52,3873878
AZ-2011-831255;29/11/2014;Milla Day;Torrevieja;Spain;South;Consumer;03/12/2014;Economy;Valenciana;-0,6808233;37,9847003
AZ-2011-4765625;29/11/2014;Lilly Le Grand;La Seyne-sur-Mer;France;Central;Home Office;06/12/2014;Economy;Provence-Alpes-Côte d'Azur;5,878219;43,102976
BN-2011-5873722;29/11/2014;Hershel Snyder;Stockholm;Sweden;North;Corporate;05/12/2014;Economy;Stockholm;18,0685808;59,3293235
AZ-2011-8123773;30/11/2014;James Casados;Mijas;Spain;South;Consumer;06/12/2014;Economy;Andalusía;-4,6323067;36,5967755
AZ-2011-8742152;30/11/2014;Amelie North;Paris;France;Central;Corporate;01/12/2014;Priority;Ile-de-France;2,3522219;48,856614
BN-2011-5579284;30/11/2014;Alex Greenwood;Hove;United Kingdom;North;Consumer;04/12/2014;Economy;England;-0,168749;50,8279319
BN-2011-2010578;30/11/2014;Charles Carey;Amsterdam;Netherlands;Central;Consumer;01/12/2014;Priority;North Holland;4,8951679;52,3702157
AZ-2011-2669880;01/12/2014;Julian Corbin;Valencia;Spain;South;Home Office;03/12/2014;Economy Plus;Valenciana;-0,3762881;39,4699075
AZ-2011-3509727;01/12/2014;Elise Ali;Genk;Belgium;Central;Home Office;06/12/2014;Economy;Limburg;5,5021;50,96613
AZ-2011-5788290;01/12/2014;Toby Starling;Valladolid;Spain;South;Consumer;04/12/2014;Priority;Castile and León;-4,7245321;41,652251
BN-2011-3829449;01/12/2014;Alex Greenwood;Paris;France;Central;Consumer;05/12/2014;Economy;Ile-de-France;2,3522219;48,856614
BN-2011-5662753;01/12/2014;Caleb Kenyon;Stockholm;Sweden;North;Corporate;03/12/2014;Priority;Stockholm;18,0685808;59,3293235
AZ-2011-1930058;02/12/2014;Matthew Gill;Villeurbanne;France;Central;Home Office;08/12/2014;Economy;Auvergne-Rhône-Alpes;4,8901709;45,771944
AZ-2011-9670304;02/12/2014;Harry Josephson;Paris;France;Central;Consumer;03/12/2014;Priority;Ile-de-France;2,3522219;48,856614
AZ-2011-9996962;02/12/2014;Riley Douglas;Huddersfield;United Kingdom;North;Corporate;08/12/2014;Economy;England;-1,785035;53,645792
AZ-2011-4501299;02/12/2014;Scott Higgins;Offenbach;Germany;Central;Home Office;06/12/2014;Economy;Hesse;8,7760843;50,0956362
AZ-2011-6683192;03/12/2014;Gracie Hicks;Siegen;Germany;Central;Consumer;06/12/2014;Priority;North Rhine-Westphalia;8,0209591;50,8838492
AZ-2011-2030946;03/12/2014;Leroy Samson;Grenoble;France;Central;Home Office;08/12/2014;Economy;Auvergne-Rhône-Alpes;5,724524;45,188529
AZ-2011-2079755;05/12/2014;Joyce Cornell;Cartagena;Spain;South;Consumer;08/12/2014;Priority;Murcia;-0,9965839;37,6256827
AZ-2011-9711046;05/12/2014;Lara Stoate;Greifswald;Germany;Central;Corporate;09/12/2014;Economy;Mecklenburg-Vorpommern;13,3923414;54,0865463
AZ-2011-2905039;06/12/2014;Andres Woodruff;Firminy;France;Central;Home Office;11/12/2014;Economy;Auvergne-Rhône-Alpes;4,287617;45,387638
AZ-2011-1328316;06/12/2014;Lorri Stratton;Hamburg;Germany;Central;Consumer;06/12/2014;Immediate;Hamburg;9,9936818;53,5510846
AZ-2011-9008538;06/12/2014;Kenneth Gonzales;Stockport;United Kingdom;North;Consumer;12/12/2014;Economy;England;-2,1575332;53,4106316
AZ-2011-9983326;06/12/2014;Alexander Bennett;Foggia;Italy;South;Corporate;08/12/2014;Economy Plus;Apulia;15,5446302;41,4621984
AZ-2011-7213764;06/12/2014;Rory Chambers;Vittoria;Italy;South;Consumer;06/12/2014;Immediate;Sicily;14,5372653;36,9520998
AZ-2011-144325;07/12/2014;Jessica Spring;Magdeburg;Germany;Central;Consumer;14/12/2014;Economy;Saxony-Anhalt;11,6276237;52,1205333
AZ-2011-7687877;07/12/2014;Norma McCowan;Berlin;Germany;Central;Consumer;11/12/2014;Economy Plus;Berlin;13,404954;52,5200066
AZ-2011-5009632;08/12/2014;Tom Charlton;Argenteuil;France;Central;Corporate;13/12/2014;Economy;Ile-de-France;2,2466847;48,9472096
AZ-2011-2892090;08/12/2014;Isabelle Vaughan;Harrow;United Kingdom;North;Consumer;08/12/2014;Immediate;England;-0,341995;51,580559
AZ-2011-297789;08/12/2014;Lewis Greenwood;Karlsruhe;Germany;Central;Consumer;10/12/2014;Economy Plus;Baden-Württemberg;8,4036527;49,0068901
BN-2011-3654306;08/12/2014;Jonathan Franklin;Duisburg;Germany;Central;Home Office;12/12/2014;Economy Plus;North Rhine-Westphalia;6,7623293;51,4344079
AZ-2011-7077665;09/12/2014;Adam Harte;Nottingham;United Kingdom;North;Corporate;14/12/2014;Economy;England;-1,1581086;52,9547832
AZ-2011-8245903;09/12/2014;Ethel Cole;Lunel;France;Central;Home Office;10/12/2014;Priority;Languedoc-Roussillon-Midi-Pyrénées;4,135366;43,67445
AZ-2011-9732880;10/12/2014;Sofia Goddard;London;United Kingdom;North;Corporate;13/12/2014;Priority;England;-0,1277583;51,5073509
AZ-2011-6561347;10/12/2014;Harry Josephson;Ludwigshafen am Rhein;Germany;Central;Consumer;14/12/2014;Economy;Rhineland-Palatinate;8,44518;49,47741
BN-2011-9080680;10/12/2014;Freya Daniels;Moers;Germany;Central;Consumer;14/12/2014;Economy;North Rhine-Westphalia;6,6408148;51,4516041
BN-2011-7943667;10/12/2014;Mary Hough;Laval;France;Central;Home Office;15/12/2014;Economy;Pays de la Loire;-0,7669906;48,0785146
AZ-2011-6142647;12/12/2014;Dominic Elliott;Peterborough;United Kingdom;North;Consumer;17/12/2014;Economy;England;-0,2405299;52,5694985
AZ-2011-8806181;12/12/2014;Alexandra Macdonald;Ravenna;Italy;South;Corporate;17/12/2014;Economy;Emilia-Romagna;12,2035294;44,4183598
BN-2011-7263458;12/12/2014;Joseph Wright;Cannes;France;Central;Home Office;18/12/2014;Economy;Provence-Alpes-Côte d'Azur;7,017369;43,552847
BN-2011-3742620;13/12/2014;Bianca Whitford;Foggia;Italy;South;Corporate;17/12/2014;Economy Plus;Apulia;15,5446302;41,4621984
BN-2011-4097137;13/12/2014;Holly Noble;Amadora;Portugal;South;Consumer;18/12/2014;Economy;Lisboa;-9,2245474;38,7577603
BN-2011-3210796;13/12/2014;Kevin Madigan;Oviedo;Spain;South;Consumer;17/12/2014;Economy;Asturias;-5,8493887;43,3619145
BN-2011-4328697;13/12/2014;Isaac David;La Rochelle;France;Central;Corporate;19/12/2014;Economy;Aquitaine-Limousin-Poitou-Charentes;-1,151139;46,160329
BN-2011-473171;13/12/2014;Amy Nixon;Turin;Italy;South;Consumer;16/12/2014;Economy Plus;Piedmont;7,6868565;45,070312
BN-2011-4438698;13/12/2014;Zoe Lanigan;Naples;Italy;South;Corporate;18/12/2014;Economy Plus;Campania;14,2681244;40,8517746
BN-2011-2470191;13/12/2014;Jasmine Hanson;Nacka;Sweden;North;Consumer;19/12/2014;Economy;Stockholm;18,156042;59,307903
BN-2011-5636693;14/12/2014;Niamh Mann;Rosny-sous-Bois;France;Central;Consumer;18/12/2014;Economy;Ile-de-France;2,485932;48,875661
AZ-2011-7080428;15/12/2014;Jonathan Loftus;Augsburg;Germany;Central;Home Office;20/12/2014;Economy;Bavaria;10,89779;48,3705449
AZ-2011-6377121;15/12/2014;Toby Williamson;Alicante;Spain;South;Home Office;19/12/2014;Economy;Valenciana;-0,4906855;38,3459963
AZ-2011-7779959;15/12/2014;Justin Armit;London;United Kingdom;North;Consumer;19/12/2014;Economy;England;-0,1277583;51,5073509
AZ-2011-8335226;15/12/2014;Adam Walpole;Berlin;Germany;Central;Corporate;22/12/2014;Economy;Berlin;13,404954;52,5200066
AZ-2011-8128467;15/12/2014;Thomas Stephens;Marly-le-Roi;France;Central;Corporate;20/12/2014;Economy;Ile-de-France;2,097727;48,868389
AZ-2011-6123217;15/12/2014;Lilly Akhtar;Turku;Finland;North;Home Office;19/12/2014;Economy;Finland Proper;22,2666303;60,4518126
AZ-2011-6604383;16/12/2014;Jade Farmer;Walsall;United Kingdom;North;Consumer;20/12/2014;Economy;England;-1,982919;52,586214
AZ-2011-2792664;16/12/2014;Koby Phillip;Cagliari;Italy;South;Consumer;19/12/2014;Economy Plus;Sardinia;9,1216613;39,2238411
AZ-2011-1315772;17/12/2014;Denise Harris;Herford;Germany;Central;Consumer;21/12/2014;Economy;North Rhine-Westphalia;8,6793998;52,1178305
AZ-2011-7176168;17/12/2014;Carl Proctor;Vienna;Austria;Central;Consumer;24/12/2014;Economy;Vienna;16,3738189;48,2081743
AZ-2011-5720864;17/12/2014;Carrie Boots;Vienna;Austria;Central;Corporate;21/12/2014;Economy;Vienna;16,3738189;48,2081743
BN-2011-493079;17/12/2014;Mia Pugh;Lisbon;Portugal;South;Consumer;19/12/2014;Economy Plus;Lisboa;-9,1393366;38,7222524
AZ-2011-8737;19/12/2014;Kayla Tearle;Duisburg;Germany;Central;Corporate;24/12/2014;Economy Plus;North Rhine-Westphalia;6,7623293;51,4344079
AZ-2011-3096034;19/12/2014;Katie Thom;Mijas;Spain;South;Corporate;23/12/2014;Economy;Andalusía;-4,6323067;36,5967755
AZ-2011-6760420;19/12/2014;Daniel Hamilton;Vienna;Austria;Central;Home Office;23/12/2014;Economy;Vienna;16,3738189;48,2081743
BN-2011-3962140;19/12/2014;Mark Westfall;Stockholm;Sweden;North;Consumer;21/12/2014;Economy Plus;Stockholm;18,0685808;59,3293235
AZ-2011-4735956;20/12/2014;Michael Bradshaw;Duisburg;Germany;Central;Consumer;27/12/2014;Economy;North Rhine-Westphalia;6,7623293;51,4344079
AZ-2011-1976919;20/12/2014;Lauren Saunders;Barcelona;Spain;South;Consumer;24/12/2014;Economy Plus;Catalonia;2,1734035;41,3850639
AZ-2011-3989901;20/12/2014;Gerald Galvan;Nantes;France;Central;Corporate;25/12/2014;Economy Plus;Pays de la Loire;-1,553621;47,218371
AZ-2011-9121322;20/12/2014;Jacob Carter;Oullins;France;Central;Consumer;24/12/2014;Economy;Auvergne-Rhône-Alpes;4,80066;45,711926
AZ-2011-658574;20/12/2014;Anna Kelly;Valdemoro;Spain;South;Corporate;25/12/2014;Economy;Madrid;-3,6740182;40,1912403
AZ-2011-8949674;20/12/2014;Kerry Dorsey;Bayonne;France;Central;Consumer;24/12/2014;Economy Plus;Aquitaine-Limousin-Poitou-Charentes;-1,474841;43,492949
BN-2011-7621077;20/12/2014;Ethan Williams;Stockholm;Sweden;North;Corporate;24/12/2014;Economy;Stockholm;18,0685808;59,3293235
AZ-2011-4460165;21/12/2014;Bettie Lang;Manresa;Spain;South;Consumer;23/12/2014;Economy Plus;Catalonia;1,8225154;41,7292826
AZ-2011-7159551;21/12/2014;Tahlia Murnin;Mansfield;United Kingdom;North;Consumer;23/12/2014;Economy Plus;England;-1,198674;53,147195
BN-2011-8948847;21/12/2014;David Velasquez;Dublin;Ireland;North;Home Office;26/12/2014;Economy Plus;Dublin;-6,2603097;53,3498053
BN-2011-383161;21/12/2014;Luz Reilly;Dortmund;Germany;Central;Consumer;25/12/2014;Economy;North Rhine-Westphalia;7,4652981;51,5135872
AZ-2011-7783675;22/12/2014;Jason Martinez;Turin;Italy;South;Corporate;24/12/2014;Economy Plus;Piedmont;7,6868565;45,070312
AZ-2011-7647834;22/12/2014;Alana Tyson;Portsmouth;United Kingdom;North;Home Office;26/12/2014;Economy;England;-1,0879769;50,8197675
BN-2011-4899110;22/12/2014;Nathan Clayton;Elda;Spain;South;Consumer;26/12/2014;Economy;Valenciana;-0,7964597;38,4765073
AZ-2011-8155253;23/12/2014;Taj Knetes;Bry-sur-Marne;France;Central;Consumer;25/12/2014;Economy Plus;Ile-de-France;2,5236489;48,834913
BN-2011-8172607;23/12/2014;Evie Flockhart;Dublin;Ireland;North;Consumer;26/12/2014;Economy Plus;Dublin;-6,2603097;53,3498053
AZ-2011-8510218;24/12/2014;Gail Thompson;Molina de Segura;Spain;South;Consumer;29/12/2014;Economy;Murcia;-1,2073261;38,051681
AZ-2011-8557456;26/12/2014;Kieran Herbert;Madrid;Spain;South;Consumer;31/12/2014;Economy Plus;Madrid;-3,7037902;40,4167754
AZ-2011-8129966;26/12/2014;Jesse Godson;Regensburg;Germany;Central;Corporate;31/12/2014;Economy;Bavaria;12,1016236;49,0134297
AZ-2011-9652940;26/12/2014;Philip Newsom;Zamora;Spain;South;Corporate;28/12/2014;Priority;Castile and León;-5,7467879;41,5034712
AZ-2011-1406494;26/12/2014;Donna Farr;Oslo;Norway;North;Consumer;30/12/2014;Economy;Oslo;10,7522454;59,9138688
BN-2011-3231719;26/12/2014;Rachel Norton;Blackpool;United Kingdom;North;Corporate;31/12/2014;Economy;England;-3,0356748;53,8175053
BN-2011-6008282;26/12/2014;Carol Evans;The Hague;Netherlands;Central;Consumer;26/12/2014;Immediate;South Holland;4,3006999;52,0704978
AZ-2011-3485437;27/12/2014;Lillian Davis;Hamburg;Germany;Central;Consumer;29/12/2014;Priority;Hamburg;9,9936818;53,5510846
AZ-2011-4342621;27/12/2014;Michael Wilson;Vienna;Austria;Central;Home Office;30/12/2014;Priority;Vienna;16,3738189;48,2081743
BN-2011-4542382;27/12/2014;Timothy Jimenez;Villeparisis;France;Central;Consumer;01/01/2015;Economy;Ile-de-France;2,6126899;48,9392651
BN-2011-7459578;27/12/2014;Marie Lawson;Copenhagen;Denmark;North;Corporate;03/01/2015;Economy;Hovedstaden;12,5683371;55,6760968
BN-2011-1934094;27/12/2014;Skye Hammond;Verona;Italy;South;Corporate;29/12/2014;Priority;Veneto;10,9916215;45,4383842
AZ-2011-340357;28/12/2014;Jessica Paramor;Aix-en-Provence;France;Central;Corporate;01/01/2015;Economy Plus;Provence-Alpes-Côte d'Azur;5,447427;43,529742
AZ-2011-6587022;28/12/2014;Maya O'Sullivan;Argenteuil;France;Central;Corporate;02/01/2015;Economy Plus;Ile-de-France;2,2466847;48,9472096
AZ-2011-8820375;28/12/2014;Adam Walpole;London;United Kingdom;North;Corporate;29/12/2014;Immediate;England;-0,1277583;51,5073509
AZ-2011-6705309;28/12/2014;Carley Wynn;Turin;Italy;South;Home Office;01/01/2015;Economy Plus;Piedmont;7,6868565;45,070312
BN-2011-6627390;28/12/2014;Molly Hawkins;Groningen;Netherlands;Central;Home Office;01/01/2015;Economy Plus;Groningen;6,5665018;53,2193835
AZ-2011-583228;29/12/2014;Felicia Cooley;Ghent;Belgium;Central;Consumer;04/01/2015;Economy;East Flanders;3,7174243;51,0543422
AZ-2011-2437108;29/12/2014;Molly Bidmead;Darmstadt;Germany;Central;Home Office;29/12/2014;Immediate;Hesse;8,6511929;49,8728253
BN-2011-8019925;29/12/2014;Matthew Barker;Plaisance-du-Touch;France;Central;Consumer;03/01/2015;Economy;Languedoc-Roussillon-Midi-Pyrénées;1,2949;43,564686
AZ-2011-9882660;30/12/2014;Owen Howell;Cheltenham;United Kingdom;North;Home Office;01/01/2015;Priority;England;-2,0782533;51,8993855
AZ-2011-4865633;30/12/2014;Shannon Howe;Madrid;Spain;South;Consumer;03/01/2015;Economy;Madrid;-3,7037902;40,4167754
AZ-2011-5099606;30/12/2014;Dominic Stephenson;Derby;United Kingdom;North;Home Office;04/01/2015;Economy;England;-1,4746186;52,9225301
AZ-2011-2099050;30/12/2014;Evie Morton;Naples;Italy;South;Consumer;02/01/2015;Priority;Campania;14,2681244;40,8517746
